order,status,wave_1,wave_2,wave_3,wave_4,wave_5,wave_6,wave_7,wave_8,wave_9,wave_10,wave_11
60,ORIGINAL,0.936005706609,0.937620297897,0.939234889185,0.940849480473,0.942464071762,0.944078663050,0.945693254338,0.947307845626,0.948922436914,0.950537028202,0.952151619490
61,NEW,0.920661350763,0.922249473341,0.923837595920,0.925425718498,0.927013841077,0.928601963655,0.930190086234,0.931778208812,0.933366331391,0.934954453969,0.936542576548
62,NEW,0.905811974138,0.907374481836,0.908936989534,0.910499497232,0.912062004931,0.913624512629,0.915187020327,0.916749528025,0.918312035723,0.919874543422,0.921437051120
63,NEW,0.891434006294,0.892971712283,0.894509418272,0.896047124260,0.897584830249,0.899122536238,0.900660242227,0.902197948215,0.903735654204,0.905273360193,0.906811066181
64,NEW,0.877505349946,0.879019029279,0.880532708611,0.882046387944,0.883560067276,0.885073746609,0.886587425942,0.888101105274,0.889614784607,0.891128463940,0.892642143272
65,NEW,0.864005267639,0.865495659597,0.866986051556,0.868476443514,0.869966835472,0.871457227430,0.872947619389,0.874438011347,0.875928403305,0.877418795264,0.878909187222
66,NEW,0.850914278736,0.852382088997,0.853849899259,0.855317709521,0.856785519783,0.858253330045,0.859721140307,0.861188950569,0.862656760831,0.864124571093,0.865592381355
67,ORIGINAL,0.838214065620,0.839659968266,0.841105870912,0.842551773558,0.843997676204,0.845443578850,0.846889481497,0.848335384143,0.849781286789,0.851227189435,0.852673092081
68,NEW,0.825887388184,0.827312027556,0.828736666928,0.830161306300,0.831585945672,0.833010585044,0.834435224416,0.835859863788,0.837284503160,0.838709142531,0.840133781903
69,NEW,0.813918005747,0.815321998171,0.816725990596,0.818129983020,0.819533975445,0.820937967869,0.822341960294,0.823745952718,0.825149945143,0.826553937567,0.827957929992
70,NEW,0.802290605665,0.803674541055,0.805058476445,0.806442411834,0.807826347224,0.809210282614,0.810594218004,0.811978153394,0.813362088784,0.814746024173,0.816129959563
71,NEW,0.790990737980,0.792355181322,0.793719624664,0.795084068006,0.796448511348,0.797812954690,0.799177398032,0.800541841374,0.801906284716,0.803270728058,0.804635171400
72,NEW,0.780004755508,0.781350248248,0.782695740988,0.784041233728,0.785386726468,0.786732219208,0.788077711948,0.789423204688,0.790768697428,0.792114190169,0.793459682909
73,NEW,0.769319758857,0.770646820189,0.771973881522,0.773300942855,0.774628004188,0.775955065520,0.777282126853,0.778609188186,0.779936249518,0.781263310851,0.782590372184
74,ORIGINAL,0.758923545899,0.760232673971,0.761541802042,0.762850930114,0.764160058185,0.765469186257,0.766778314328,0.768087442399,0.769396570471,0.770705698542,0.772014826614
75,NEW,0.748804565287,0.750096238318,0.751387911348,0.752679584379,0.753971257409,0.755262930440,0.756554603470,0.757846276501,0.759137949531,0.760429622562,0.761721295592
76,NEW,0.738951873639,0.740226550971,0.741501228304,0.742775905637,0.744050582970,0.745325260302,0.746599937635,0.747874614968,0.749149292301,0.750423969633,0.751698646966
77,NEW,0.729355096059,0.730613219141,0.731871342222,0.733129465304,0.734387588386,0.735645711467,0.736903834549,0.738161957631,0.739420080712,0.740678203794,0.741936326876
78,NEW,0.720004389699,0.721246382998,0.722488376296,0.723730369595,0.724972362894,0.726214356192,0.727456349491,0.728698342789,0.729940336088,0.731182329386,0.732424322685
79,NEW,0.710890410083,0.712116681947,0.713342953812,0.714569225676,0.715795497540,0.717021769405,0.718248041269,0.719474313134,0.720700584998,0.721926856862,0.723153128727
80,NEW,0.702004279957,0.703215223423,0.704426166889,0.705637110355,0.706848053821,0.708058997287,0.709269940753,0.710480884219,0.711691827686,0.712902771152,0.714113714618
81,ORIGINAL,0.693337560451,0.694533553998,0.695729547545,0.696925541091,0.698121534638,0.699317528185,0.700513521732,0.701709515279,0.702905508825,0.704101502372,0.705297495919
82,NEW,0.684882224348,0.686063632608,0.687245040867,0.688426449127,0.689607857387,0.690789265646,0.691970673906,0.693152082165,0.694333490425,0.695514898685,0.696696306944
83,NEW,0.676630631284,0.677797805709,0.678964980134,0.680132154559,0.681299328984,0.682466503409,0.683633677835,0.684800852260,0.685968026685,0.687135201110,0.688302375535
84,NEW,0.668575504721,0.669728784212,0.670882063704,0.672035343195,0.673188622687,0.674341902178,0.675495181670,0.676648461161,0.677801740653,0.678955020144,0.680108299636
85,NEW,0.660709910548,0.661849622045,0.662989333543,0.664129045040,0.665268756538,0.666408468035,0.667548179533,0.668687891030,0.669827602528,0.670967314025,0.672107025523
86,NEW,0.653027237169,0.654153696207,0.655280155246,0.656406614284,0.657533073322,0.658659532360,0.659785991398,0.660912450437,0.662038909475,0.663165368513,0.664291827551
87,NEW,0.645521176972,0.646634688205,0.647748199438,0.648861710671,0.649975221905,0.651088733138,0.652202244371,0.653315755604,0.654429266837,0.655542778071,0.656656289304
88,ORIGINAL,0.638185709052,0.639286566748,0.640387424445,0.641488282141,0.642589139837,0.643689997534,0.644790855230,0.645891712927,0.646992570623,0.648093428320,0.649194286016
89,NEW,0.631015083107,0.632103571616,0.633192060125,0.634280548634,0.635369037143,0.636457525651,0.637546014160,0.638634502669,0.639722991178,0.640811479687,0.641899968196
90,NEW,0.624003804406,0.625080198598,0.626156592790,0.627232986982,0.628309381174,0.629385775366,0.630462169559,0.631538563751,0.632614957943,0.633691352135,0.634767746327
91,NEW,0.617146619742,0.618211185427,0.619275751111,0.620340316796,0.621404882480,0.622469448165,0.623534013849,0.624598579534,0.625663145218,0.626727710903,0.627792276587
92,NEW,0.610438504310,0.611491498629,0.612544492947,0.613597487265,0.614650481584,0.615703475902,0.616756470220,0.617809464539,0.618862458857,0.619915453175,0.620968447494
93,NEW,0.603874649425,0.604916321224,0.605957993023,0.606999664822,0.608041336620,0.609083008419,0.610124680218,0.611166352017,0.612208023816,0.613249695614,0.614291367413
94,NEW,0.597450451027,0.598481041211,0.599511631395,0.600542221579,0.601572811763,0.602603401947,0.603633992131,0.604664582314,0.605695172498,0.606725762682,0.607756352866
95,ORIGINAL,0.591161498911,0.592181240777,0.593200982643,0.594220724510,0.595240466376,0.596260208242,0.597279950108,0.598299691974,0.599319433840,0.600339175707,0.601358917573
96,NEW,0.585003566631,0.586012686186,0.587021805741,0.588030925296,0.589040044851,0.590049164406,0.591058283961,0.592067403516,0.593076523071,0.594085642626,0.595094762181
97,NEW,0.578972602026,0.579971318287,0.580970034548,0.581968750808,0.582967467069,0.583966183330,0.584964899590,0.585963615851,0.586962332112,0.587961048373,0.588959764633
98,NEW,0.573064718332,0.574053243611,0.575041768889,0.576030294167,0.577018819446,0.578007344724,0.578995870003,0.579984395281,0.580972920560,0.581961445838,0.582949971117
99,NEW,0.567276185824,0.568254725998,0.569233266173,0.570211806348,0.571190346522,0.572168886697,0.573147426871,0.574125967046,0.575104507221,0.576083047395,0.577061587570
100,NEW,0.561603423965,0.562572178738,0.563540933511,0.564509688284,0.565478443057,0.566447197830,0.567415952603,0.568384707376,0.569353462148,0.570322216921,0.571290971694
101,NEW,0.556042994025,0.557002157167,0.557961320308,0.558920483450,0.559879646591,0.560838809732,0.561797972874,0.562757136015,0.563716299157,0.564675462298,0.565634625440
102,ORIGINAL,0.550591592123,0.551541351704,0.552491111285,0.553440870867,0.554390630448,0.555340390029,0.556290149610,0.557239909192,0.558189668773,0.559139428354,0.560089187936
103,NEW,0.545246042685,0.546186581299,0.547127119914,0.548067658528,0.549008197143,0.549948735757,0.550889274372,0.551829812986,0.552770351600,0.553710890215,0.554651428829
104,NEW,0.540003292274,0.540934787248,0.541866282222,0.542797777196,0.543729272170,0.544660767144,0.545592262118,0.546523757092,0.547455252066,0.548386747040,0.549318242014
105,NEW,0.534860403777,0.535783027370,0.536705650963,0.537628274556,0.538550898149,0.539473521743,0.540396145336,0.541318768929,0.542241392522,0.543164016116,0.544086639709
106,NEW,0.529814550911,0.530728470508,0.531642390105,0.532556309702,0.533470229299,0.534384148896,0.535298068493,0.536211988090,0.537125907687,0.538039827284,0.538953746881
107,NEW,0.524863013052,0.525768391344,0.526673769637,0.527579147929,0.528484526221,0.529389904514,0.530295282806,0.531200661099,0.532106039391,0.533011417684,0.533916795976
108,NEW,0.520003170338,0.520900165498,0.521797160659,0.522694155819,0.523591150979,0.524488146139,0.525385141299,0.526282136459,0.527179131619,0.528076126779,0.528973121939
109,ORIGINAL,0.515232499051,0.516121264898,0.517010030744,0.517898796591,0.518787562438,0.519676328284,0.520565094131,0.521453859978,0.522342625824,0.523231391671,0.524120157518
110,NEW,0.510548567241,0.511429253398,0.512309939556,0.513190625713,0.514071311870,0.514951998027,0.515832684184,0.516713370341,0.517594056499,0.518474742656,0.519355428813
111,NEW,0.505949030600,0.506821782647,0.507694534695,0.508567286742,0.509440038790,0.510312790838,0.511185542885,0.512058294933,0.512931046981,0.513803799028,0.514676551076
112,NEW,0.501431628541,0.502296588159,0.503161547778,0.504026507396,0.504891467015,0.505756426634,0.506621386252,0.507486345871,0.508351305490,0.509216265108,0.510081224727
113,NEW,0.496994180500,0.497851485609,0.498708790718,0.499566095827,0.500423400935,0.501280706044,0.502138011153,0.502995316262,0.503852621370,0.504709926479,0.505567231588
114,NEW,0.492634582426,0.493484367314,0.494334152203,0.495183937091,0.496033721980,0.496883506868,0.497733291757,0.498583076645,0.499432861534,0.500282646422,0.501132431311
115,NEW,0.488350803448,0.489193198903,0.490035594358,0.490877989812,0.491720385267,0.492562780722,0.493405176176,0.494247571631,0.495089967086,0.495932362540,0.496774757995
116,ORIGINAL,0.484140882729,0.484976016154,0.485811149579,0.486646283004,0.487481416428,0.488316549853,0.489151683278,0.489986816703,0.490821950128,0.491657083553,0.492492216978
117,NEW,0.480002926466,0.480830921999,0.481658917531,0.482486913063,0.483314908596,0.484142904128,0.484970899660,0.485798895193,0.486626890725,0.487454886258,0.488282881790
118,NEW,0.475935105055,0.476756083677,0.477577062298,0.478398040919,0.479219019540,0.480039998161,0.480860976782,0.481681955403,0.482502934024,0.483323912645,0.484144891266
119,NEW,0.471935650391,0.472749730032,0.473563809673,0.474377889314,0.475191968955,0.476006048596,0.476820128238,0.477634207879,0.478448287520,0.479262367161,0.480076446802
120,NEW,0.468002853305,0.468810148949,0.469617444593,0.470424740237,0.471232035881,0.472039331525,0.472846627169,0.473653922813,0.474461218457,0.475268514101,0.476075809745
121,NEW,0.464135061128,0.464935684908,0.465736308687,0.466536932466,0.467337556245,0.468138180025,0.468938803804,0.469739427583,0.470540051362,0.471340675142,0.472141298921
122,NEW,0.460330675382,0.461124736671,0.461918797960,0.462712859249,0.463506920538,0.464300981828,0.465095043117,0.465889104406,0.466683165695,0.467477226985,0.468271288274
123,ORIGINAL,0.456588149565,0.457375755072,0.458163360578,0.458950966085,0.459738571591,0.460526177097,0.461313782604,0.462101388110,0.462888993617,0.463676599123,0.464464204629
124,NEW,0.452905987069,0.453687240918,0.454468494767,0.455249748616,0.456031002465,0.456812256314,0.457593510163,0.458374764013,0.459156017862,0.459937271711,0.460718525560
125,NEW,0.449282739172,0.450057742991,0.450832746809,0.451607750627,0.452382754446,0.453157758264,0.453932762082,0.454707765900,0.455482769719,0.456257773537,0.457032777355
126,NEW,0.445717003147,0.446485856142,0.447254709136,0.448023562130,0.448792415125,0.449561268119,0.450330121113,0.451098974108,0.451867827102,0.452636680096,0.453405533091
127,NEW,0.442207420445,0.442970219479,0.443733018513,0.444495817547,0.445258616580,0.446021415614,0.446784214648,0.447547013682,0.448309812715,0.449072611749,0.449835410783
128,NEW,0.438752674973,0.439509514639,0.440266354306,0.441023193972,0.441780033638,0.442536873305,0.443293712971,0.444050552637,0.444807392303,0.445564231970,0.446321071636
129,NEW,0.435351491446,0.436102464138,0.436853436830,0.437604409523,0.438355382215,0.439106354907,0.439857327599,0.440608300291,0.441359272983,0.442110245675,0.442861218368
130,ORIGINAL,0.432002633820,0.432747829799,0.433493025778,0.434238221757,0.434983417736,0.435728613715,0.436473809694,0.437219005674,0.437964201653,0.438709397632,0.439454593611
131,NEW,0.428704903790,0.429444411251,0.430183918711,0.430923426171,0.431662933631,0.432402441091,0.433141948552,0.433881456012,0.434620963472,0.435360470932,0.436099978393
132,NEW,0.425457139368,0.426191044499,0.426924949630,0.427658854761,0.428392759892,0.429126665023,0.429860570154,0.430594475285,0.431328380416,0.432062285546,0.432796190677
133,NEW,0.422258213508,0.422986600555,0.423714987602,0.424443374650,0.425171761697,0.425900148744,0.426628535792,0.427356922839,0.428085309886,0.428813696933,0.429542083981
134,NEW,0.419107032810,0.419829984133,0.420552935456,0.421275886779,0.421998838102,0.422721789425,0.423444740748,0.424167692071,0.424890643394,0.425613594717,0.426336546040
135,NEW,0.416002536271,0.416720132399,0.417437728527,0.418155324655,0.418872920783,0.419590516911,0.420308113039,0.421025709167,0.421743305295,0.422460901423,0.423178497551
136,NEW,0.412943694092,0.413656013778,0.414368333464,0.415080653150,0.415792972836,0.416505292522,0.417217612208,0.417929931894,0.418642251580,0.419354571266,0.420066890952
137,ORIGINAL,0.409929506544,0.410636626816,0.411343747088,0.412050867361,0.412757987633,0.413465107905,0.414172228177,0.414879348449,0.415586468722,0.416293588994,0.417000709266
138,NEW,0.406959002874,0.407660999086,0.408362995298,0.409064991510,0.409766987722,0.410468983935,0.411170980147,0.411872976359,0.412574972571,0.413276968784,0.413978964996
139,NEW,0.404031240263,0.404728186143,0.405425132022,0.406122077902,0.406819023782,0.407515969662,0.408212915542,0.408909861421,0.409606807301,0.410303753181,0.411000699061
140,NEW,0.401145302832,0.401837270527,0.402529238222,0.403221205917,0.403913173612,0.404605141307,0.405297109002,0.405989076697,0.406681044392,0.407373012087,0.408064979782
141,NEW,0.398300300685,0.398987360807,0.399674420930,0.400361481053,0.401048541175,0.401735601298,0.402422661420,0.403109721543,0.403796781666,0.404483841788,0.405170901911
142,NEW,0.395495368990,0.396177590661,0.396859812332,0.397542034003,0.398224255674,0.398906477345,0.399588699016,0.400270920687,0.400953142358,0.401635364029,0.402317585700
143,NEW,0.392729667109,0.393407117999,0.394084568889,0.394762019779,0.395439470669,0.396116921559,0.396794372449,0.397471823340,0.398149274230,0.398826725120,0.399504176010
144,ORIGINAL,0.390002377754,0.390675124124,0.391347870494,0.392020616864,0.392693363234,0.393366109604,0.394038855974,0.394711602344,0.395384348714,0.396057095084,0.396729841454
