order_a,image_a,order_b,image_b,min_clearance_um,x_at_min_mm,overlap,common_x
60,Upper,61,Upper,134.9540006310619,12.589155992756316,False,True
60,Upper,61,Lower,44.44703013841256,12.563917385448452,False,True
60,Lower,61,Upper,231.99683921435542,12.565197836420092,False,True
60,Lower,61,Lower,141.31135389783012,12.563917385448452,False,True
61,Upper,62,Upper,136.73214854244975,12.58785677696828,False,True
61,Upper,62,Lower,46.533762462617645,12.562606606368105,False,True
61,Lower,62,Upper,233.47444348265967,12.563917385448452,False,True
61,Lower,62,Lower,143.10366213145363,12.562606606368105,False,True
62,Upper,63,Upper,138.59713271240713,12.58652755547212,False,True
62,Upper,63,Lower,48.296619479643255,12.56126647608118,False,True
62,Lower,63,Upper,235.05661874958506,12.562606606368105,False,True
62,Lower,63,Lower,144.58961748102263,12.56126647608118,False,True
63,Upper,64,Upper,140.5424942530811,12.585169227175443,False,True
63,Upper,64,Lower,50.14530156565833,12.559897862633946,False,True
63,Lower,64,Upper,236.73573723888452,12.56126647608118,False,True
63,Lower,64,Lower,146.17776317895624,12.559897862633946,False,True
64,Upper,65,Upper,142.5623976496144,12.583782600922529,False,True
64,Upper,65,Lower,52.07364901806777,12.558501547073307,False,True
64,Lower,65,Upper,238.50490038255856,12.559897862633946,False,True
64,Lower,65,Lower,147.86088695247201,12.558501547073307,False,True
65,Upper,66,Upper,144.65156945645498,12.582368398113491,False,True
65,Upper,66,Lower,54.07609130916846,12.557078225721952,False,True
65,Lower,66,Upper,240.357865051692,12.558501547073307,False,True
65,Lower,66,Lower,149.6324580475221,12.557078225721952,False,True
66,Upper,67,Upper,146.8052439436356,12.580927272099713,False,True
66,Upper,67,Lower,56.1475895610517,12.555628529276936,False,True
66,Lower,67,Upper,242.26001853023683,12.557078225721952,False,True
66,Lower,67,Lower,151.45760283986755,12.555628529276936,False,True
67,Upper,68,Upper,149.0191150140916,12.579459806271249,False,True
67,Upper,68,Lower,58.2835856948698,12.554153020631375,False,True
67,Lower,68,Upper,244.13366175341977,12.555628529276936,False,True
67,Lower,68,Lower,153.25839584600408,12.554153020631375,False,True
68,Upper,69,Upper,151.28929341796214,12.577966527649966,False,True
68,Upper,69,Lower,60.47995720428112,12.55265220823788,False,True
68,Lower,69,Upper,246.0871824836559,12.554153020631375,False,True
68,Lower,69,Lower,155.14051401552996,12.55265220823788,False,True
69,Upper,70,Upper,153.61226873046974,12.576447915820522,False,True
69,Upper,70,Lower,62.701161849009424,12.55112655483609,False,True
69,Lower,70,Upper,247.75393982704054,8.362311257345038,False,True
69,Lower,70,Lower,156.74060927382172,11.561044023002898,False,True
70,Upper,71,Upper,155.98487553316966,12.574904401879955,False,True
70,Upper,71,Lower,64.89620940587137,12.54957647622036,False,True
70,Lower,71,Upper,248.9586298816473,8.621531813893446,False,True
70,Lower,71,Lower,157.98042072483832,11.794079498164038,False,True
71,Upper,72,Upper,158.37025461096664,12.57333637911105,False,True
71,Upper,72,Lower,67.11434046978226,12.548002351754995,False,True
71,Lower,72,Upper,250.31183447439886,8.620465537509562,False,True
71,Lower,72,Lower,159.36389061938883,12.053082958183165,False,True
72,Upper,73,Upper,160.7136938631104,12.571744202544217,False,True
72,Upper,73,Lower,69.30269397955868,12.546404523793722,False,True
72,Lower,73,Upper,251.8041114111238,8.87955584338537,False,True
72,Lower,73,Lower,160.88006485101758,12.05154740173753,False,True
73,Upper,74,Upper,163.10853341216358,12.570128195368849,False,True
73,Upper,74,Lower,71.55256502970175,12.544783303966096,False,True
73,Lower,74,Upper,253.42489467468354,9.1125494654729,False,True
73,Lower,74,Lower,162.52174709894086,12.284365422499787,False,True
74,Upper,75,Upper,165.51604876081427,12.568488649676512,False,True
74,Upper,75,Lower,73.86070666828815,12.54313897380875,False,True
74,Lower,75,Upper,255.16914452496485,9.111369606435108,False,True
74,Lower,75,Lower,164.28086667409758,12.54313897380875,False,True
75,Upper,76,Upper,167.45490976189893,-13.438174392445246,False,True
75,Upper,76,Lower,76.17619778824647,12.541471790137892,False,True
75,Lower,76,Upper,257.02809164892494,9.370245850001956,False,True
75,Lower,76,Lower,166.14973883440422,12.541471790137892,False,True
76,Upper,77,Upper,169.3436570298168,-13.436410808204869,False,True
76,Upper,77,Lower,78.54478665476172,12.539781988732836,False,True
76,Lower,77,Upper,258.993355073331,9.603032617352373,False,True
76,Lower,77,Lower,168.1269426209724,12.539781988732836,False,True
77,Upper,78,Upper,171.32931958920494,-13.434625226446125,False,True
77,Upper,78,Lower,80.54741279535627,-13.436410808204869,False,True
77,Lower,78,Upper,261.0583844450023,9.601735927356236,False,True
77,Lower,78,Lower,170.20583384605104,12.538069779593968,False,True
78,Upper,79,Upper,173.4058935595737,-13.432817797053056,False,True
78,Upper,79,Lower,82.55081730504088,-13.434625226446125,False,True
78,Lower,79,Upper,263.21917481309674,9.860390680099831,False,True
78,Lower,79,Lower,172.3802319600818,12.53633535268103,False,True
79,Upper,80,Upper,175.56779070446458,-13.430988650240478,False,True
79,Upper,80,Lower,84.62283577732421,-13.432817797053056,False,True
79,Lower,80,Upper,265.4685661474367,9.85902366869613,False,True
79,Lower,80,Lower,174.64438172091513,12.53457888279588,False,True
80,Upper,81,Upper,177.80980480777407,-13.429137900881583,False,True
80,Upper,81,Lower,86.76034711256975,-13.430988650240478,False,True
80,Lower,81,Upper,267.80100123041615,10.117536179210289,False,True
80,Lower,81,Lower,176.99291903023885,12.532800524943362,False,True
81,Upper,82,Upper,180.12708163646886,-13.427265648843454,False,True
81,Upper,82,Lower,88.96047644515815,-13.429137900881583,False,True
81,Lower,82,Upper,270.2107045980755,10.34997213795828,False,True
81,Lower,82,Lower,179.4208404445783,12.53100041584509,False,True
82,Upper,83,Upper,182.5150921333929,-13.425371982299284,False,True
82,Upper,83,Lower,91.22057594449996,-13.427265648843454,False,True
82,Lower,83,Upper,272.69357576482633,10.34848261660172,False,True
82,Lower,83,Lower,181.91830081618576,-13.45468202607634,False,True
83,Upper,84,Upper,184.96960847762978,-13.423456974144012,False,True
83,Upper,84,Lower,93.53820757189891,-13.425371982299284,False,True
83,Lower,84,Upper,275.2490740680544,10.606761222379136,False,True
83,Lower,84,Lower,184.2647855836246,-13.452765317035851,False,True
84,Upper,85,Upper,187.4144364320909,-13.42152068415851,False,True
84,Upper,85,Lower,95.91112762478727,-13.423456974144012,False,True
84,Lower,85,Upper,277.86757436529365,10.605197931625733,False,True
84,Lower,85,Lower,186.66789283814379,-13.450827363453577,False,True
85,Upper,86,Upper,189.87012585519204,-13.419563156495142,False,True
85,Upper,86,Lower,98.33727286146932,-13.42152068415851,False,True
85,Lower,86,Upper,280.5460197674918,10.837355416793697,False,True
85,Lower,86,Lower,189.12548197003875,-13.44886820351184,False,True
86,Upper,87,Upper,192.37756641664473,-13.41758443269864,False,True
86,Upper,87,Lower,100.81474806801793,-13.419563156495142,False,True
86,Lower,87,Upper,283.225306870297,-13.41758443269864,False,True
86,Lower,87,Lower,191.63558621619183,-13.44688787300427,False,True
87,Upper,88,Upper,194.9349700042191,-13.415584528540911,False,True
87,Upper,88,Lower,103.34181491547412,-13.41758443269864,False,True
87,Lower,88,Upper,285.8165495098248,-13.415584528540911,False,True
87,Lower,88,Lower,194.19640136247108,-13.444886382142965,False,True
88,Upper,89,Upper,197.54069823495792,-13.413563459227934,False,True
88,Upper,89,Lower,105.91688203174776,-13.415584528540911,False,True
88,Lower,89,Upper,288.45717347168875,-13.413563459227934,False,True
88,Lower,89,Lower,196.8062756456588,-13.442863740747567,False,True
89,Upper,90,Upper,200.19325345968753,-13.411521218697622,False,True
89,Upper,90,Lower,108.53849609540146,-13.413563459227934,False,True
89,Lower,90,Upper,291.14562610400617,-13.411521218697622,False,True
89,Lower,90,Lower,199.46370079325516,-13.440819937518956,False,True
90,Upper,91,Upper,202.891270777112,-13.409457793290526,False,True
90,Upper,91,Lower,111.20533397631682,-13.411521218697622,False,True
90,Lower,91,Upper,293.88049282764683,-13.409457793290526,False,True
90,Lower,91,Lower,202.16730407642913,-13.438754953692834,False,True
91,Upper,92,Upper,205.63351094416225,-13.407373156145002,False,True
91,Upper,92,Lower,113.9161957296837,-13.409457793290526,False,True
91,Lower,92,Upper,296.66049004354454,-13.407373156145002,False,True
91,Lower,92,Lower,204.9158413182779,-13.43666875741536,False,True
92,Upper,93,Upper,208.41885417287554,-13.405267262550714,False,True
92,Upper,93,Lower,116.66957407571665,-13.407373156145002,False,True
92,Lower,93,Upper,299.48445895159546,-13.405267262550714,False,True
92,Lower,93,Lower,207.70819076707792,-13.434561299078084,False,True
93,Upper,94,Upper,211.2462946830016,-13.4031400603141,False,True
93,Upper,94,Lower,119.41906223470689,-13.405267262550714,False,True
93,Lower,94,Upper,302.351360165348,-13.4031400603141,False,True
93,Lower,94,Lower,210.50173132952654,-13.432432521667986,False,True
94,Upper,95,Upper,214.08941280942528,-13.400991480021997,False,True
94,Upper,95,Lower,122.16940744187887,-13.4031400603141,False,True
94,Lower,95,Upper,305.23474593177633,-13.400991480021997,False,True
94,Lower,95,Lower,213.29232402137154,-13.43028235101252,False,True
95,Upper,96,Upper,216.91023174798295,-13.398821433704684,False,True
95,Upper,96,Lower,124.96358349680037,-13.400991480021997,False,True
95,Lower,96,Upper,308.0966170131028,-13.398821433704684,False,True
95,Lower,96,Lower,216.12753762626193,-13.428110694425724,False,True
96,Upper,97,Upper,219.77467405687977,-13.39662982647485,False,True
96,Upper,97,Lower,127.80144491287348,-13.398821433704684,False,True
96,Lower,97,Upper,311.0028793785382,-13.39662982647485,False,True
96,Lower,97,Lower,219.00721053886852,-13.4259174523325,False,True
97,Upper,98,Upper,222.68262311035693,-13.394416540862448,False,True
97,Upper,98,Lower,130.68292315927545,-13.39662982647485,False,True
97,Lower,98,Upper,313.95340588138953,-13.394416540862448,False,True
97,Lower,98,Lower,221.93126424690757,-13.42370250258382,False,True
98,Upper,99,Upper,225.63403922089265,-13.392181439461622,False,True
98,Upper,99,Lower,133.60802458445465,-13.394416540862448,False,True
98,Lower,99,Upper,316.9481526562361,-13.392181439461622,False,True
98,Lower,99,Lower,224.89970152405814,-13.421465703086842,False,True
99,Upper,100,Upper,228.62895798170157,-13.3899243739293,False,True
99,Upper,100,Lower,136.5768287196101,-13.392181439461622,False,True
99,Lower,100,Upper,319.9871577695794,-13.3899243739293,False,True
99,Lower,100,Lower,227.9126050413436,-13.41920690078709,False,True
100,Upper,101,Upper,231.66748900174784,-13.387645175600133,False,True
100,Upper,101,Lower,139.5894869456593,-13.3899243739293,False,True
100,Lower,101,Upper,323.07054032289574,-13.387645175600133,False,True
100,Lower,101,Lower,230.97013641810315,-13.41692592226318,False,True
101,Upper,102,Upper,234.74981505161142,-13.38534365153657,False,True
101,Upper,102,Lower,142.6462215632469,-13.387645175600133,False,True
101,Lower,102,Upper,326.1985000146277,-13.38534365153657,False,True
101,Lower,102,Lower,234.0725357112081,-13.414622569756483,False,True
102,Upper,103,Upper,237.87619158864803,-13.38301958652298,False,True
102,Upper,103,Lower,145.7473252185917,-13.38534365153657,False,True
102,Lower,103,Upper,329.3713171236261,-13.38301958652298,False,True
102,Lower,103,Lower,237.22012130017322,-13.412296623144735,False,True
103,Upper,104,Upper,241.0469466425873,-13.38067275358102,False,True
103,Upper,104,Lower,148.89316067859505,-13.38301958652298,False,True
103,Lower,104,Upper,332.5893529294488,-13.38067275358102,False,True
103,Lower,104,Lower,240.41329019910097,-13.409947850436842,False,True
104,Upper,105,Upper,244.26248109511084,-13.37830288712152,False,True
104,Upper,105,Lower,152.08416093526898,-13.38067275358102,False,True
104,Lower,105,Upper,335.85305057389235,-13.37830288712152,False,True
104,Lower,105,Lower,243.65251877247653,-13.407575980896114,False,True
105,Upper,106,Upper,247.52326933254776,-13.37590970359335,False,True
105,Upper,106,Lower,155.32082972561412,-13.37830288712152,False,True
105,Lower,106,Upper,339.1629363663953,-13.37590970359335,False,True
105,Lower,106,Lower,246.93836388629364,-13.405180725666652,False,True
106,Upper,107,Upper,250.82986026708,-13.373492895676351,False,True
106,Upper,107,Lower,158.60374233780726,-13.37590970359335,False,True
106,Lower,107,Upper,342.5196215329875,-13.373492895676351,False,True
106,Lower,107,Lower,250.27146446626602,-13.40276177193691,False,True
107,Upper,108,Upper,254.18287876095613,-13.371052117734926,False,True
107,Upper,108,Lower,161.93354680219986,-13.373492895676351,False,True
107,Lower,108,Upper,345.92380443960093,-13.371052117734926,False,True
107,Lower,108,Lower,253.6525435025807,-13.400318768359908,False,True
108,Upper,109,Upper,257.58302743787874,-13.368587002052346,False,True
108,Upper,109,Lower,165.3109654780427,-13.371052117734926,False,True
108,Lower,109,Upper,349.37627329655527,-13.368587002052346,False,True
108,Lower,109,Lower,257.0824105210383,-13.3978513412564,False,True
109,Upper,110,Upper,261.0310889103591,-13.366097139702337,False,True
109,Upper,110,Lower,168.73679696511402,-13.368587002052346,False,True
109,Lower,110,Upper,352.8779093597121,-13.366097139702337,False,True
109,Lower,110,Lower,260.56196449938705,-13.395359075445969,False,True
110,Upper,111,Upper,264.52792843693254,-13.363582094440297,False,True
110,Upper,111,Lower,172.2119184629698,-13.366097139702337,False,True
110,Lower,111,Upper,356.4211441308425,-13.363582094440297,False,True
110,Lower,111,Lower,264.08264649586044,-13.392841528099556,False,True
111,Upper,112,Upper,268.07449702651263,-13.361041387484454,False,True
111,Upper,112,Lower,175.73728849621833,-13.363582094440297,False,True
111,Lower,112,Upper,360.0044198300303,-13.361041387484454,False,True
111,Lower,112,Lower,267.64370274533087,-13.39029821347274,False,True
112,Upper,113,Upper,271.5863491318788,-13.35847450308078,False,True
112,Upper,113,Lower,179.3139501112384,-13.361041387484454,False,True
112,Lower,113,Upper,363.5514413721286,-13.35847450308078,False,True
112,Lower,113,Lower,271.25559433993857,-13.387728608421549,False,True
113,Upper,114,Upper,274.9815980795538,-13.35588088010122,False,True
113,Upper,114,Lower,182.9430345093888,-13.35847450308078,False,True
113,Lower,114,Upper,366.98158285891964,-13.35588088010122,False,True
113,Lower,114,Lower,274.9196545249744,-13.385132143943796,False,True
114,Upper,115,Upper,278.41076737270896,-13.353259912132836,False,True
114,Upper,115,Lower,186.61816458339163,-13.35588088010122,False,True
114,Lower,115,Upper,370.4455007353567,-13.353259912132836,False,True
114,Lower,115,Lower,278.62884434889696,-13.382508205206808,False,True
115,Upper,116,Upper,281.87577615636764,-13.350610947407215,False,True
115,Upper,116,Lower,190.32851284412334,-13.353259912132836,False,True
115,Lower,116,Upper,373.94527365389195,-13.350610947407215,False,True
115,Lower,116,Lower,282.37180385762184,-13.379856131408644,False,True
116,Upper,117,Upper,285.3517932494913,-13.3479332766994,False,True
116,Upper,117,Lower,193.9516294486976,-13.350610947407215,False,True
116,Lower,117,Upper,377.45625900454496,-13.3479332766994,False,True
116,Lower,117,Lower,286.02658247279203,-13.377175203599284,False,True
117,Upper,118,Upper,288.865577613447,-13.345226138128211,False,True
117,Upper,118,Lower,197.48716912511276,-13.3479332766994,False,True
117,Lower,118,Upper,381.0054361386048,-13.345226138128211,False,True
117,Lower,118,Lower,289.5976178145616,-13.37446464939757,False,True
118,Upper,119,Upper,292.3906297735202,-13.342488712928816,False,True
118,Upper,119,Lower,201.03656502810873,-13.345226138128211,False,True
118,Lower,119,Upper,384.596283377592,-13.342488712928816,False,True
118,Lower,119,Lower,293.2132137773273,-13.371723638669584,False,True
119,Upper,120,Upper,295.9519559003057,-13.33972010992252,False,True
119,Upper,120,Lower,204.62514517761088,-13.342488712928816,False,True
119,Lower,120,Upper,388.23219956813637,-13.33972010992252,False,True
119,Lower,120,Lower,296.87658098850545,-13.36895126789168,False,True
120,Upper,121,Upper,299.5585033688908,-13.3369193794161,False,True
120,Upper,121,Lower,208.26139163846014,-13.33972010992252,False,True
120,Lower,121,Upper,391.9169564116842,-13.3369193794161,False,True
120,Lower,121,Lower,300.5912772120749,-13.36614657393631,False,True
121,Upper,122,Upper,303.214051139864,-13.334085489777102,False,True
121,Upper,122,Lower,211.94883850790092,-13.3369193794161,False,True
121,Lower,122,Upper,395.6547247834092,-13.334085489777102,False,True
121,Lower,122,Lower,304.3612324699212,-13.363308510514294,False,True
122,Upper,123,Upper,306.9227643075929,-13.331217334753497,False,True
122,Upper,123,Lower,215.6913774872713,-13.334085489777102,False,True
122,Lower,123,Upper,399.41674582366636,-13.331217334753497,False,True
122,Lower,123,Lower,308.15370890625,-13.36043595535194,False,True
123,Upper,124,Upper,310.689221587388,-13.328313728853908,False,True
123,Upper,124,Lower,219.4932840004946,-13.331217334753497,False,True
123,Lower,124,Upper,403.19915878391697,-13.328313728853908,False,True
123,Lower,124,Lower,311.97160693232684,-13.357527705410082,False,True
124,Upper,125,Upper,314.5184454207013,-13.325373383183727,False,True
124,Upper,125,Lower,223.34364117428862,-13.328313728853908,False,True
124,Lower,125,Upper,407.0442758523187,-13.325373383183727,False,True
124,Lower,125,Lower,315.8378402478634,-13.354582452537413,False,True
125,Upper,126,Upper,318.4159349183844,-13.322394928041124,False,True
125,Upper,126,Lower,227.23958280618018,-13.325373383183727,False,True
125,Lower,126,Upper,410.95782583954457,-13.322394928041124,False,True
125,Lower,126,Lower,319.7499567697406,-13.35159880587068,False,True
126,Upper,127,Upper,322.3486931546118,-13.319376873360875,False,True
126,Upper,127,Lower,231.17037076374825,-13.322394928041124,False,True
126,Lower,127,Upper,414.94608495402827,-13.319376873360875,False,True
126,Lower,127,Lower,323.7367785237906,-13.348575252049107,False,True
127,Upper,128,Upper,326.32170765223736,-13.316317628073437,False,True
127,Upper,128,Lower,235.14150806657508,-13.319376873360875,False,True
127,Lower,128,Upper,419.01592012002897,-13.316317628073437,False,True
127,Lower,128,Lower,327.80499340464075,-13.345510174327847,False,True
128,Upper,129,Upper,330.3769005906654,-13.313215480780505,False,True
128,Upper,129,Lower,239.19438644408953,-13.316317628073437,False,True
128,Lower,129,Upper,423.17483657677536,-13.313215480780505,False,True
128,Lower,129,Lower,331.9619128450704,-13.342401832972202,False,True
129,Upper,130,Upper,334.52168783281786,-13.310068581982954,False,True
129,Upper,130,Lower,243.33620628674436,-13.313215480780505,False,True
129,Lower,130,Upper,427.4310302243478,-13.310068581982954,False,True
129,Lower,130,Lower,336.2155234654063,-13.339248347171605,False,True
130,Upper,131,Upper,338.7641503633274,-13.306874954642968,False,True
130,Upper,131,Lower,247.57481632767676,-13.310068581982954,False,True
130,Lower,131,Upper,431.741174633725,-13.306874954642968,False,True
130,Lower,131,Lower,340.5185781416309,-13.3360477052555,False,True
131,Upper,132,Upper,343.1130889391687,-13.303632458611553,False,True
131,Upper,132,Lower,251.91876741346596,-13.306874954642968,False,True
131,Lower,132,Upper,436.089167032164,-13.303632458611553,False,True
131,Lower,132,Lower,344.8615471762979,-13.332797728725415,False,True
132,Upper,133,Upper,347.5780842159288,-13.300338811538987,False,True
132,Upper,133,Lower,256.3773718183455,-13.303632458611553,False,True
132,Lower,133,Upper,440.5513483247505,-13.300338811538987,False,True
132,Lower,133,Lower,349.31734433059256,-13.329496092732423,False,True
133,Upper,134,Upper,352.16956300090095,-13.29699153297805,False,True
133,Upper,134,Lower,260.9607684802784,-13.300338811538987,False,True
133,Lower,134,Upper,445.1381265668903,-13.29699153297805,False,True
133,Lower,134,Lower,353.89609477662896,-13.326140269681945,False,True
134,Upper,135,Upper,356.8066728846819,-13.293587978196966,False,True
134,Upper,135,Lower,265.5873765634924,-13.29699153297805,False,True
134,Lower,135,Upper,449.7871927957764,-13.293587978196966,False,True
134,Lower,135,Lower,358.53447009587035,-13.322727562503346,False,True
135,Upper,136,Upper,361.5323617613866,-13.29012528774524,False,True
135,Upper,136,Lower,270.3005793946147,-13.293587978196966,False,True
135,Lower,136,Upper,454.55203667312907,-13.29012528774524,False,True
135,Lower,136,Lower,363.28690055511714,-13.31925505359145,False,True
136,Upper,137,Upper,366.3669195191659,-13.286600380823767,False,True
136,Upper,137,Lower,275.1199412342018,-13.29012528774524,False,True
136,Lower,137,Upper,459.4559917106071,-13.286600380823767,False,True
136,Lower,137,Lower,368.1757974407969,-13.315719597483284,False,True
137,Upper,138,Upper,371.3447406638366,-13.283009950095524,False,True
137,Upper,138,Lower,280.07949471528804,-13.286600380823767,False,True
137,Lower,138,Upper,464.5105176497459,-13.283009950095524,False,True
137,Lower,138,Lower,373.21224884639827,-13.312117814889502,False,True
138,Upper,139,Upper,376.4773219644759,-13.279350428308836,False,True
138,Upper,139,Lower,285.1903335604185,-13.283009950095524,False,True
138,Lower,139,Upper,469.72802021646663,-13.279350428308836,False,True
138,Lower,139,Lower,378.40826421777683,-13.30844605843632,False,True
139,Upper,140,Upper,381.77708878507667,-13.27561797073691,False,True
139,Upper,140,Lower,290.4644534122891,-13.279350428308836,False,True
139,Lower,140,Upper,475.09677718771746,-13.27561797073691,False,True
139,Lower,140,Lower,383.7494848473675,-13.304700394115482,False,True
140,Upper,141,Upper,387.2574743168293,-13.271808435051708,False,True
140,Upper,141,Lower,295.91482958966606,-13.27561797073691,False,True
140,Lower,141,Upper,480.62350058025413,-13.271808435051708,False,True
140,Lower,141,Lower,389.2462342933225,-13.300876580042436,False,True
141,Upper,142,Upper,392.93300708609104,-13.267917354854804,False,True
141,Upper,142,Lower,301.28821073670406,-13.271808435051708,False,True
141,Lower,142,Upper,486.3534122994917,-13.267917354854804,False,True
141,Lower,142,Lower,394.6475655393531,-13.296970038727467,False,True
142,Upper,143,Upper,398.8094222757503,-13.263939914623467,False,True
142,Upper,143,Lower,305.4450044030457,-13.267917354854804,False,True
142,Lower,143,Upper,492.3034066413745,-13.263939914623467,False,True
142,Lower,143,Lower,398.8675987635819,-13.292975830599444,False,True
143,Upper,144,Upper,404.87279059598615,-13.259870909150871,False,True
143,Upper,144,Lower,309.4986087381777,-13.263939914623467,False,True
143,Lower,144,Upper,498.49181185189906,-13.259870909150871,False,True
143,Lower,144,Lower,403.0416666174954,-13.288888611835688,False,True
