order,image,wavelength_um,x_centroid_mm,x_min_mm,x_max_mm,y_centroid_mm,y_min_mm,y_max_mm,n_valid_rays
85,Upper,0.660709910548,12.550846478500743,12.53149403827412,12.565365611861,-6.8393903630332495,-6.858002613950823,-6.821583776638327,795
85,Upper,0.6608250329214849,12.306187888935298,12.28820914326988,12.32062466648234,-6.855491678894617,-6.874152345357835,-6.837675559624072,795
85,Upper,0.6609401552949696,12.061193525980515,12.04445616386225,12.07575938806033,-6.871352226124861,-6.890044938364527,-6.853532772616035,795
85,Upper,0.6610552776684545,11.815863357993736,11.80024523280854,11.83052300421889,-6.886971430973022,-6.905681010208539,-6.869154506125129,795
85,Upper,0.6611704000419394,11.570197287321212,11.55558571124718,11.58491919310604,-6.902348696453802,-6.921061089686484,-6.884539844061866,795
85,Upper,0.6612855224154243,11.324195154162576,11.31048624023241,11.33895127952977,-6.917483403274908,-6.936185621408967,-6.899687863661537,795
85,Upper,0.661400644788909,11.077856740184904,11.0642326153094,11.09262225781699,-6.9323749107069395,-6.951054969814624,-6.914597635404523,795
85,Upper,0.6615157671623939,10.83118177189854,10.81742904200531,10.84593481317165,-6.94702255739344,-6.965669422974024,-6.929268222938301,795
85,Upper,0.6616308895358788,10.584169923817793,10.57029950559081,10.59889134164841,-6.9614256621113055,-6.980029196173032,-6.943698683001003,795
85,Upper,0.6617460119093637,10.336820821413859,10.32284307563421,10.35156426480138,-6.975583524479855,-6.994134435324245,-6.957888065338075,795
85,Upper,0.6618611342828484,10.089134043879918,10.07505881167741,10.10398744359677,-6.989495425625192,-7.007985220175788,-6.971835412625934,795
85,Upper,0.6619762566563333,9.841109126715299,9.826945763129405,9.856040974036176,-7.003160628800404,-7.021581567354279,-6.98553976038861,795
85,Upper,0.6620913790298182,9.592745564147037,9.578502969169037,9.607727748681913,-7.016578379966354,-7.034923433254617,-6.99900013691684,795
85,Upper,0.6622065014033031,9.344042811393773,9.329729458641113,9.359050353263061,-7.029747908334089,-7.048010716758217,-7.012215563184173,795
85,Upper,0.6623216237767878,9.095000286786528,9.080624249956651,9.1100110867681,-7.042668426872574,-7.060843261828172,-7.02518505276676,795
85,Upper,0.6624367461502727,8.845617373751065,8.831186350991423,8.860611980223776,-7.055339132782741,-7.073420859948531,-7.037907611756272,795
85,Upper,0.6625518685237576,8.595893422667421,8.581414758986934,8.610958756313279,-7.067759207940195,-7.085743252450024,-7.05038223867698,795
85,Upper,0.6626669908972425,8.345827752607368,8.331308460450083,8.360952012042853,-7.079927819309549,-7.09781013270465,-7.062607924397193,795
85,Upper,0.6627821132707272,8.095419652963189,8.080866431056617,8.110579550977603,-7.091844119329974,-7.109621148207701,-7.074583652048752,795
85,Upper,0.6628972356442121,7.8446683849695455,7.830087635552193,7.859843211670865,-7.103507246276355,-7.121175902554969,-7.086308396933214,795
85,Upper,0.663012358017697,7.593573183131427,7.578971027658037,7.608744598475738,-7.114916324594854,-7.13251990415174,-7.097781126438285,795
85,Upper,0.6631274803911817,7.342133256558172,7.327515549977218,7.357285096875538,-7.126070465215824,-7.143611008687028,-7.109000799947223,795
85,Upper,0.6632426027646666,7.0903477902118714,7.075720133900427,7.105465887832848,-7.136968765845745,-7.15443913015705,-7.11996636875028,795
85,Upper,0.6633577251381515,6.838215946078,6.823583699520072,6.853316001102932,-7.1476103112378455,-7.165004088703444,-7.130676775952939,795
85,Upper,0.6634728475116364,6.585736864256825,6.571105155538443,6.600825924123511,-7.157994173443489,-7.175305646775708,-7.14113095638538,795
85,Upper,0.6635879698851211,6.33290966398807,6.318283399186846,6.34797536202764,-7.168119412046235,-7.185343511788641,-7.151327836511789,795
85,Upper,0.663703092258606,6.079733444605381,6.065117316140684,6.094764920964117,-7.177985074377755,-7.195117338636408,-7.161266334335178,795
85,Upper,0.6638182146320909,5.8262072864323775,5.81160578044415,5.841195061480741,-7.187590195717148,-7.204626732074356,-7.170945359306948,795
85,Upper,0.6639333370055758,5.572330251617325,5.557747654433556,5.587266107987331,-7.196933799475797,-7.213871248964463,-7.18036381222888,795
85,Upper,0.6640484593790605,5.318101384915365,5.303541788668944,5.332978257628481,-7.2060148973670115,-7.222850400401743,-7.189520585164601,795
85,Upper,0.6641635817525454,5.063519714416063,5.048987021866926,5.078331588595873,-7.214832489560565,-7.23156365373468,-7.198414561333031,795
85,Upper,0.6642787041260303,4.808584252226695,4.794082180840995,4.823326067926521,-7.223385564826711,-7.24001043446105,-7.207044615025041,795
85,Upper,0.6643938264995152,4.553293995106922,4.538826080446929,4.567961558809461,-7.2316731006639685,-7.248190128025069,-7.215409611496311,795
85,Upper,0.6645089488729999,4.297647925063534,4.283217523532372,4.312237827440489,-7.239694063417904,-7.256102081532456,-7.223508406873569,795
85,Upper,0.6646240712464848,4.041645009902037,4.027255300896282,4.056154549447484,-7.247447408386855,-7.263745605357467,-7.231339848057747,795
85,Upper,0.6647391936199697,3.785284203744949,3.770938191251434,3.799711315916058,-7.254932079917165,-7.27111997466147,-7.23890277262028,795
85,Upper,0.6648543159934546,3.528564447511766,3.514264961198629,3.542907639042191,-7.262147011487242,-7.278224430847301,-7.246196008709697,795
85,Upper,0.6649694383669393,3.2714846693687494,3.2572343652072,3.285742957431932,-7.269091125782724,-7.285058182920933,-7.253218374946428,795
85,Upper,0.6650845607404242,3.014043785144801,2.999845145603949,3.028216641069427,-7.275763334760959,-7.291620408781267,-7.259968680325295,795
85,Upper,0.6651996831139091,2.756240698722629,2.742096032574997,2.770327995980964,-7.282162539706914,-7.297910256442151,-7.266445724112787,795
85,Upper,0.6653148054873939,2.4980743024006307,2.483985744173381,2.512076268604613,-7.2882876312791005,-7.303926845197353,-7.272648295745388,795
85,Upper,0.6654299278608787,2.2395434772296223,2.225505289460877,2.253460649886106,-7.294137489548849,-7.309669266704796,-7.278575174732836,795
85,Upper,0.6655450502343636,1.9806470933294278,1.966654689553415,1.99448027912598,-7.299710984029263,-7.315136586026112,-7.284225130547868,795
85,Upper,0.6656601726078485,1.7213840101800104,1.707439374648713,1.735200348078557,-7.30500697369761,-7.320327842607858,-7.289596922533271,795
85,Upper,0.6657752949813333,1.461753076895611,1.447858048971801,1.475585227052098,-7.310024307009189,-7.325242051202366,-7.294689299792294,795
85,Upper,0.6658904173548181,1.20175313247954,1.18790940476884,1.215598471773268,-7.314761821903904,-7.329878202745279,-7.299501001088778,795
85,Upper,0.666005539728303,0.941383006062248,0.9275921223314842,0.9552389630499949,-7.319218345805944,-7.334235265178918,-7.304030754748261,795
85,Upper,0.6661206621017879,0.6806415171238523,0.6669048700343669,0.6945055775613742,-7.32339269561593,-7.33831218423679,-7.308277278549928,795
85,Upper,0.6662357844752727,0.4195274757039072,0.40580098706676,0.4333971878346032,-7.327283677696268,-7.342107884182928,-7.312239279631513,795
85,Upper,0.6663509068487575,0.15803968259563492,0.1443039503889985,0.1719126622147558,-7.330890087850005,-7.345621268498244,-7.315915454382427,795
85,Upper,0.6664660292222424,-0.10382307046727836,-0.1175663088858956,-0.0899491351701096,-7.334210711292824,-7.348851220545308,-7.3193044883454,795
85,Upper,0.6665811515957273,-0.36606200063680455,-0.3798109419608213,-0.3521893444519653,-7.33724432261912,-7.35180454695044,-7.322405056116803,795
85,Upper,0.666696273969212,-0.628678333783206,-0.6424311109046599,-0.6148091100690953,-7.339989685760584,-7.35453213051032,-7.325215289319605,795
85,Upper,0.6668113963426969,-0.8916733043379791,-0.9054279887381673,-0.877809580821745,-7.342445553940302,-7.356969499690777,-7.327732122727751,795
85,Upper,0.6669265187161818,-1.1550481551391019,-1.168802759510114,-1.141191909928484,-7.344610669618897,-7.359115406501763,-7.329956376026429,795
85,Upper,0.6670416410896667,-1.4188041372842743,-1.432556618372285,-1.404957255090504,-7.346483764436111,-7.360968594304784,-7.331886671290349,795
85,Upper,0.6671567634631514,-1.6829425099853033,-1.696690771645915,-1.669106778559899,-7.348063559145635,-7.362527797713742,-7.333521619363033,795
85,Upper,0.6672718858366363,-1.9474645404279085,-1.96120643688672,-1.933641647213005,-7.349348763543573,-7.363791742494694,-7.334859819775041,795
85,Upper,0.6673870082101212,-2.212371503628761,-2.226104842937143,-2.198563032626998,-7.35033807639253,-7.364759145456808,-7.335899860664887,795
85,Upper,0.6675021305836061,-2.477664682295147,-2.491387229975962,-2.463872111160947,-7.351030185337868,-7.365428714346298,-7.336640318702321,795
85,Upper,0.6676172529570908,-2.743345366680867,-2.75705484955725,-2.729570064040599,-7.35142376681967,-7.365799147731893,-7.33704578603867,795
85,Upper,0.6677323753305757,-3.009414854442105,-3.023108964642392,-2.995658077448332,-7.351517485978035,-7.365869134889214,-7.33714828947285,795
85,Upper,0.6678474977040606,-3.275874450485125,-3.289550849620066,-3.262137342613263,-7.351309996552348,-7.365637355678011,-7.336948805068968,795
85,Upper,0.6679626200775454,-3.5427254668108885,-3.5563817903174,-3.529009055907113,-7.3507999407748965,-7.365102480417822,-7.336445985592134,795
85,Upper,0.6680777424510302,-3.809969222352319,-3.823603083999909,-3.796274418942506,-7.349985949259351,-7.364263169761883,-7.335638472678062,795
85,Upper,0.6681928648245151,-4.077607042800094,-4.091216039356409,-4.06385796242132,-7.3488666408815275,-7.36311807455541,-7.334524896709848,795
85,Upper,0.668307987198,-4.345640260422094,-4.359225850011868,-4.33181884279748,-7.347440622654787,-7.361665835704133,-7.333103876680162,795
85,Upper,0.6684231095714848,-4.614070213866632,-4.627716748208181,-4.600177523739971,-7.345706489600837,-7.359905084025977,-7.331374020063681,795
85,Upper,0.6685382319449696,-4.882898247956062,-4.896607672794298,-4.868935516480287,-7.343662824610893,-7.357834440103727,-7.329333922676182,795
85,Upper,0.6686533543184545,-5.152125713460656,-5.165900151705672,-5.138094338789948,-7.341308198304505,-7.355452514132796,-7.326982168541984,795
85,Upper,0.6687684766919394,-5.421753966858036,-5.435595712645257,-5.407655514280027,-7.338641168878576,-7.352757905757626,-7.324317329749134,795
85,Upper,0.6688835990654242,-5.691784370070667,-5.705695882853802,-5.677620571636272,-7.335660281952033,-7.349749203910009,-7.321337966310063,795
85,Upper,0.668998721438909,-5.962218290184916,-5.976202188910263,-5.947991043792257,-7.332364070401896,-7.346424986635379,-7.318042626016458,795
85,Upper,0.6691138438123939,-6.233057099142276,-6.247116156553561,-6.218768467023267,-7.328751054194314,-7.342783820913509,-7.314429844288111,795
85,Upper,0.6692289661858788,-6.504302173407399,-6.518439310534674,-6.489954379967202,-7.324819740207433,-7.338832609259562,-7.310498144029013,795
85,Upper,0.6693440885593636,-6.775954893604985,-6.790173174488245,-6.761550322564437,-7.320568622047228,-7.334563611589481,-7.306246035468716,795
85,Upper,0.6694592109328484,-7.04801664412839,-7.062319270829173,-7.033557834905409,-7.315996179856036,-7.32997319273901,-7.301672016012652,795
85,Upper,0.6695743333063333,-7.320488812710011,-7.334879120666963,-7.305978455987912,-7.311100880112716,-7.325059866094912,-7.296774570083167,795
85,Upper,0.6696894556798182,-7.593372789957306,-7.60785424374223,-7.578813722366975,-7.305881175426404,-7.319822133636684,-7.291552168957844,795
85,Upper,0.669804578053303,-7.8666699688463195,-7.881246158378298,-7.852065166703506,-7.300335504320419,-7.314258485767783,-7.286003270608293,795
85,Upper,0.6699197004267878,-8.140381744173851,-8.15505638145394,-8.125734316192755,-7.2944622910086485,-7.308367401129114,-7.280126319536944,795
85,Upper,0.6700348228002727,-8.414509511958338,-8.429286428389588,-8.399822690865808,-7.288259945163583,-7.302147346414852,-7.273919746603728,795
85,Upper,0.6701499451737575,-8.68905466879191,-8.703937813147158,-8.67433180176318,-7.281726861673576,-7.295596776175787,-7.26738196886309,795
85,Upper,0.6702650675472424,-8.9640186111364,-8.979012048249478,-8.949263148962618,-7.274861420392376,-7.288714132617308,-7.260511389382202,795
85,Upper,0.6703801899207272,-9.239402734556645,-9.254510644804085,-9.224617271861323,-7.267661985878896,-7.281507535895171,-7.253306397072795,795
85,Upper,0.6704953122942121,-9.515208432892269,-9.530435112548243,-9.500382022406095,-7.260126907125056,-7.273967405159692,-7.245765366509347,795
85,Upper,0.6706104346676969,-9.791437097356235,-9.80678695989981,-9.776573184560757,-7.252254517275054,-7.266143390337351,-7.237866973838704,795
85,Upper,0.6707255570411818,-10.068090115559698,-10.08356769401986,-10.05319228220431,-7.244043133331663,-7.257982474393288,-7.22959341895224,795
85,Upper,0.6708406794146666,-10.345168870452191,-10.36077882088367,-10.330240826498,-7.235491055853432,-7.249483031681192,-7.220973903091711,795
85,Upper,0.6709558017881515,-10.622674739177397,-10.63842184536481,-10.60772031364717,-7.2265965686369205,-7.240643422868745,-7.212006661411822,795
85,Upper,0.6710709241616363,-10.900609091829779,-10.91649827132058,-10.88563222248877,-7.217357938388763,-7.231461994797342,-7.202689920307503,795
85,Upper,0.6711860465351212,-11.17897329011276,-11.19500960169194,-11.16397801189917,-7.207773414382958,-7.221937080336986,-7.193021897869581,795
85,Upper,0.671301168908606,-11.457768685882323,-11.47396617696687,-11.44275911799848,-7.197841228104944,-7.212066998242892,-7.183000804406762,795
85,Upper,0.6714162912820909,-11.736996619574361,-11.75336737864766,-11.72197695114758,-7.187559592881423,-7.201850053001976,-7.172624843008901,795
85,Upper,0.6715314136555757,-12.016658418501352,-12.03320855858813,-12.00163289271447,-7.176926703493345,-7.19128453467764,-7.161892210166214,795
85,Upper,0.6716465360290605,-12.29675539501378,-12.3134912048784,-12.28172829160148,-7.165940735775745,-7.180368718750793,-7.150801096457524,795
85,Upper,0.6717616584025454,-12.577288844508292,-12.59421680661159,-12.56225107305959,-7.154599846197565,-7.169100865956528,-7.1393496872904,795
85,Upper,0.6718767807760303,-12.858260043277804,-12.87538685402203,-12.84316485798657,-7.142902171425212,-7.157479222119735,-7.127536163720499,795
85,Upper,0.6719919031495151,-13.139670246186228,-13.1570028386242,-13.12452071017284,-7.130845827867892,-7.145502017977569,-7.11535870334763,795
85,Upper,0.672107025523,-13.42152068415851,-13.43906625335437,-13.40632001299053,-7.118428911201704,-7.133167469007894,-7.102815481286074,795
85,Lower,0.660709910548,12.525470735063264,12.50936719109525,12.53986439058484,-6.932311950197351,-6.950920752439625,-6.913001129592877,819
85,Lower,0.6608250329214849,12.280759919569181,12.2657170910137,12.2952839492521,-6.948380207918957,-6.966848929470114,-6.929078219798405,819
85,Lower,0.6609401552949696,12.035714853206304,12.02143844299553,12.05033389307307,-6.964208429617678,-6.982536034032451,-6.94492072159323,819
85,Lower,0.6610552776684545,11.790335393791747,11.77590102089131,11.80501786366277,-6.979795986586693,-6.998069997452168,-6.960527724139126,819
85,Lower,0.6611704000419394,11.54462134030192,11.53004142749537,11.55933915265341,-6.99514223018379,-7.013364133300593,-6.975898309912224,819
85,Lower,0.6612855224154243,11.29857243625686,11.28385876343483,11.31330072426437,-7.010246492551926,-7.028407207617919,-6.991031554624768,819
85,Lower,0.661400644788909,11.05218837288836,11.03735211968687,11.06690523639614,-7.025108087296009,-7.043199323755692,-7.005926527145192,819
85,Lower,0.6615157671623939,10.805468792101424,10.79052057747879,10.82015506035635,-7.039726310112794,-7.05774052212035,-7.020582289419259,819
85,Lower,0.6616308895358788,10.558413289249684,10.54336320818893,10.57317119856067,-7.054100439383173,-7.072030783045518,-7.034997896389567,819
85,Lower,0.6617460119093637,10.31102141573004,10.29587907324842,10.32586773405279,-7.068229736723653,-7.086070029521249,-7.049172395912574,819
85,Lower,0.6618611342828484,10.063292681414266,10.04806722404112,10.07819772491596,-7.082113447503806,-7.099858129779813,-7.06310482868248,819
85,Lower,0.6619762566563333,9.815226556922804,9.79992670180241,9.830163927329572,-7.095750801328733,-7.113394899734139,-7.076794228140406,819
85,Lower,0.6620913790298182,9.566822475757215,9.551456537521275,9.581768799826275,-7.109141012491225,-7.126680105303045,-7.090239620397488,819
85,Lower,0.6622065014033031,9.318079836294702,9.302655751840266,9.333014522736978,-7.122283280393379,-7.139713464598463,-7.103440024149822,819
85,Lower,0.6623216237767878,9.068998003657773,9.053523354956992,9.08394967467077,-7.135176789941587,-7.152494650009682,-7.116394450592816,819
85,Lower,0.6624367461502727,8.81957631146246,8.804058346524183,8.834577606039344,-7.147820711914449,-7.165075720255175,-7.12910190333421,819
85,Lower,0.6625518685237576,8.569814063459454,8.554259715553675,8.584841865661202,-7.160214203306451,-7.177407192141537,-7.141561378312869,819
85,Lower,0.6626669908972425,8.319710535067674,8.304126440318178,8.33474434341966,-7.172356407649062,-7.189479446558718,-7.153771863708802,819
85,Lower,0.6627821132707272,8.069264974812791,8.05365748825645,8.084286691238749,-7.184246455309118,-7.201292401763258,-7.165732339853409,819
85,Lower,0.6628972356442121,7.818476605671312,7.802851815877938,7.833470338638513,-7.1958834637677915,-7.212845915110023,-7.177441779146317,819
85,Lower,0.663012358017697,7.567344626332482,7.551708368670017,7.582296507288517,-7.207266537879269,-7.224139785896265,-7.18889914596347,819
85,Lower,0.6631274803911817,7.31586821237712,7.300226081007329,7.330766224624236,-7.218394770111432,-7.235173758045226,-7.200103396568311,819
85,Lower,0.6632426027646666,7.064046517380922,7.048403876061498,7.07889997018917,-7.229267240769882,-7.245947522650658,-7.211053479019136,819
85,Lower,0.6633577251381515,6.811878673949331,6.796240665715246,6.826693461731477,-7.239883018204501,-7.256460720379112,-7.221748333081322,819
85,Lower,0.6634728475116364,6.559363794682057,6.543735350477484,6.574130113543152,-7.250241159001199,-7.266712943736183,-7.232186890134381,819
85,Lower,0.6635879698851211,6.306500973078813,6.290886819402081,6.32121036394355,-7.26034070815926,-7.276703739215902,-7.242368073076278,819
85,Lower,0.663703092258606,6.053289284382569,6.037693950008792,6.067934515806831,-7.270180699254346,-7.286432609331792,-7.252290796237056,819
85,Lower,0.6638182146320909,5.799727786371372,5.784155608209793,5.814302745393238,-7.279760154587897,-7.295899014539309,-7.261953965277462,819
85,Lower,0.6639333370055758,5.5458155200953865,5.530270648237654,5.560315110621684,-7.289078085324902,-7.305103463826132,-7.271356477098657,819
85,Lower,0.6640484593790605,5.291551510567557,5.27603791258048,5.305971558835003,-7.298133491619455,-7.314058015959045,-7.280497219747995,819
85,Lower,0.6641635817525454,5.036934767405435,5.021456231918676,5.051271934073803,-7.306925362727777,-7.322746392212725,-7.289375072319188,819
85,Lower,0.6642787041260303,4.781964285433874,4.766524425068744,4.796215983901703,-7.315452677112803,-7.33116806148451,-7.297988904858817,819
85,Lower,0.6643938264995152,4.52663904524425,4.511241298932788,4.540803365806138,-7.323714402535526,-7.339322448537619,-7.306337578269292,819
85,Lower,0.6645089488729999,4.270958013718251,4.255603314489252,4.285033653201914,-7.331709496138744,-7.347208935964966,-7.314419944211346,819
85,Lower,0.6646240712464848,4.0149201445128675,3.999598273358429,4.028906341058326,-7.339436904520326,-7.354826866041989,-7.322234845006725,819
85,Lower,0.6647391936199697,3.75852437851613,3.743238351842689,3.772420851184979,-7.346895563797633,-7.362175542472562,-7.329781113536322,819
85,Lower,0.6648543159934546,3.501769644268222,3.486522340343892,3.515576537180984,-7.35408439966287,-7.369254232047434,-7.337057573147088,819
85,Lower,0.6649694383669393,3.2446548583559203,3.229449017482384,3.258372689082625,-7.36100232743082,-7.376062166193973,-7.344063037549169,819
85,Lower,0.6650845607404242,2.987178925776401,2.972017150053652,3.000902114902351,-7.36764825207787,-7.382598542460727,-7.350796310717542,819
85,Lower,0.6651996831139091,2.7293407402793224,2.714225492997064,2.743091548658467,-7.374021068273884,-7.388862525897844,-7.357256186793526,819
85,Lower,0.6653148054873939,2.4711391846824524,2.456072789368297,2.484914736104651,-7.3801196604055805,-7.394853250381157,-7.363441449982014,819
85,Lower,0.6654299278608787,2.212573131164845,2.197557770321465,2.226370575473239,-7.385942902594505,-7.40066698434484,-7.36935087445563,819
85,Lower,0.6655450502343636,1.9536414415421672,1.938679155099885,1.967457960839792,-7.391489658706085,-7.406203927844741,-7.374983224252808,819
85,Lower,0.6656601726078485,1.6943429675189765,1.679435651034996,1.708175782131365,-7.3967587823535315,-7.411462437017268,-7.380337253178329,819
85,Lower,0.6657752949813333,1.4346765509260337,1.419825953557872,1.448522925131224,-7.401749116894027,-7.416441344871059,-7.385411704705183,819
85,Lower,0.6658904173548181,1.1746410239402227,1.159848746218552,1.188498271471918,-7.406459495418995,-7.421139476475217,-7.390205311871169,819
85,Lower,0.666005539728303,0.9142352092895719,0.8995027007192888,0.9281006986244185,-7.410888740738647,-7.425555648895211,-7.39471679718476,819
85,Lower,0.6661206621017879,0.6534579204444018,0.6387864769608029,0.6673290798774465,-7.415035665359814,-7.429688671106302,-7.398944872525174,819
85,Lower,0.6662357844752727,0.39230796179717975,0.3776987231010534,0.4061822843143865,-7.418899071457938,-7.43353734393019,-7.402888239042746,819
85,Lower,0.6663509068487575,0.1307841288283247,0.116238075627999,0.1446591767772212,-7.422477750843899,-7.437100459946215,-7.406545587065194,819
85,Lower,0.6664660292222424,-0.13111479173413212,-0.1455968405490911,-0.1172413821684977,-7.425770484924316,-7.440376803415091,-7.409915595997194,819
85,Lower,0.6665811515957273,-0.3933900217667579,-0.4078074119942876,-0.3795205362798146,-7.428776044657405,-7.443365150193267,-7.412996934229795,819
85,Lower,0.666696273969212,-0.6560427916082106,-0.6703950366185882,-0.6421794336843623,-7.431493190501809,-7.446064267645989,-7.415788259043868,819
85,Lower,0.6668113963426969,-0.9190743399261632,-0.9333611235368515,-0.9052148995596063,-7.433920672361831,-7.448472914553374,-7.418288216518169,819
85,Lower,0.6669265187161818,-1.1824859135857457,-1.196707092901354,-1.168627282176538,-7.436057229525776,-7.450589841024949,-7.420495441438506,819
85,Lower,0.6670416410896667,-1.446278767525053,-1.46043437571474,-1.432422799686715,-7.437901590599966,-7.452413788394979,-7.422408557209136,819
85,Lower,0.6671567634631514,-1.7104541646312665,-1.72454441361584,-1.696602628223414,-7.439452473437698,-7.453943489130937,-7.424026175765341,819
85,Lower,0.6672718858366363,-1.975013375621657,-1.989038658644612,-1.961167947900209,-7.440708585061358,-7.455177666726153,-7.425346897490557,819
85,Lower,0.6673870082101212,-2.239957678921187,-2.253918572973884,-2.226119942871755,-7.4416686215821475,-7.456115035595238,-7.42636931113003,819
85,Lower,0.6675021305836061,-2.505288360542516,-2.51918562861553,-2.491459801401684,-7.442331268111744,-7.456754300964548,-7.42709199371695,819
85,Lower,0.6676172529570908,-2.7710067139618473,-2.784841307092304,-2.757188715933896,-7.442695198671088,-7.457094158763261,-7.427513510491452,819
85,Lower,0.6677323753305757,-3.037114039994607,-3.050887099078201,-3.023307883171168,-7.44275907609279,-7.457133295499622,-7.427632414833113,819
85,Lower,0.6678474977040606,-3.3036116466627767,-3.317324503999906,-3.289818504154399,-7.442521551918356,-7.456870388149311,-7.427447248187013,819
85,Lower,0.6679626200775454,-3.570500849059127,-3.584155029601336,-3.556721784348282,-7.4419812662908065,-7.456304104023267,-7.426956540003356,819
85,Lower,0.6680777424510302,-3.837782969204242,-3.851383571312632,-3.824003176322822,-7.441136847842214,-7.455433100648341,-7.426158807674791,819
85,Lower,0.6681928648245151,-4.105459335892113,-4.119041247119618,-4.091612788225095,-7.439986913575098,-7.454256025626435,-7.425052556483934,819
85,Lower,0.668307987198,-4.373531284529718,-4.387092000938747,-4.359619158638157,-7.438530068738527,-7.452771516502475,-7.423636279551636,819
85,Lower,0.6684231095714848,-4.642000156960684,-4.655593563855213,-4.628023788649074,-7.436764906700651,-7.450978200623308,-7.421908457796202,819
85,Lower,0.6685382319449696,-4.910867301279823,-4.924523930710992,-4.896828185244839,-7.434690008812637,-7.448876662755644,-7.419867559895152,819
85,Lower,0.6686533543184545,-5.18013407162841,-5.193856352525258,-5.166033860540415,-7.432303944270533,-7.446473149498165,-7.417512042256054,819
85,Lower,0.6687684766919394,-5.449801827975721,-5.463592360599966,-5.435642330948088,-7.429605269968637,-7.443756623054394,-7.414840348993415,819
85,Lower,0.6688835990654242,-5.719871935879417,-5.733733485606056,-5.705655116267881,-7.42659253034904,-7.440725660082469,-7.411850911920905,819
85,Lower,0.668998721438909,-5.99034576622825,-6.004281257407476,-5.976073738703125,-7.423264257243767,-7.437378826637294,-7.408542150539474,819
85,Lower,0.6691138438123939,-6.261224694958064,-6.275237204905949,-6.246899721792504,-7.419618969712575,-7.433714678025036,-7.404912472048151,819
85,Lower,0.6692289661858788,-6.5325101027456585,-6.546602855913165,-6.518134589252046,-7.415655173873382,-7.429731758665342,-7.400960271359898,819
85,Lower,0.6693440885593636,-6.804203374672748,-6.818379737041782,-6.789779184640059,-7.411371362727128,-7.425428601932248,-7.396683931130106,819
85,Lower,0.6694592109328484,-7.076305899863087,-7.090569373619871,-7.061828312740127,-7.406766015976038,-7.420803730006723,-7.392081821796087,819
85,Lower,0.6695743333063333,-7.348819071082843,-7.363173289622453,-7.334290845435449,-7.401837599834697,-7.415855653714079,-7.387152301632079,819
85,Lower,0.6696894556798182,-7.6217442843084235,-7.636193007623138,-7.607168325149832,-7.3965845668357035,-7.410582872356811,-7.381893716820152,819
85,Lower,0.669804578053303,-7.895082938253467,-7.909630048761297,-7.880462290486838,-7.391005355626907,-7.404983873549621,-7.37630440153347,819
85,Lower,0.6699197004267878,-8.16883643385682,-8.183485932727574,-8.154174274674046,-7.385098390762495,-7.399057133036669,-7.370382678039615,819
85,Lower,0.6700348228002727,-8.443006173721157,-8.457762177762428,-8.428305803884879,-7.378862082486549,-7.39280111451092,-7.36412685682166,819
85,Lower,0.6701499451737575,-8.717593561505515,-8.732460300669556,-8.70285839542954,-7.37229482650777,-7.386257992035855,-7.357535236717413,819
85,Lower,0.6702650675472424,-8.992600001264192,-9.007581816843905,-8.977833555805407,-7.3653950037677465,-7.379394561666327,-7.350606105082953,819
85,Lower,0.6703801899207272,-9.268026896725999,-9.283128240308237,-9.253232778592082,-7.3581609802010846,-7.372204675470771,-7.343337737980523,819
85,Lower,0.6704953122942121,-9.543875650515176,-9.559101083766384,-9.529057542191971,-7.350591106485397,-7.364680993267644,-7.335728400385047,819
85,Lower,0.6706104346676969,-9.820147663302352,-9.83550185866234,-9.805309307392005,-7.342683717784176,-7.356821921438058,-7.327776346426032,819
85,Lower,0.6707255570411818,-10.096844332885738,-10.11233207525308,-10.08198951473956,-7.334437133479183,-7.348625852760132,-7.319479819650227,819
85,Lower,0.6708406794146666,-10.373967053191542,-10.38959324268705,-10.35909958172167,-7.325849656895112,-7.340091166271844,-7.310835526428928,819
85,Lower,0.6709558017881515,-10.651517213194467,-10.66728686909276,-10.63664089972857,-7.31691957501197,-7.331216227134656,-7.3018375068011,819
85,Lower,0.6710709241616363,-10.929496195743836,-10.94541446167531,-10.91461483078822,-7.307645158169588,-7.321999386487731,-7.292489653722446,819
85,Lower,0.6711860465351212,-11.207905376296386,-11.22399135732287,-11.19302270405535,-7.2980246597593394,-7.312438981302112,-7.282790197431268,819
85,Lower,0.671301168908606,-11.486746121540166,-11.50300761451327,-11.47183303664775,-7.288056315905926,-7.302533334229983,-7.27273736208045,819
85,Lower,0.6714162912820909,-11.76601978790827,-11.78246289273249,-11.75104255349717,-7.2777383451372915,-7.292280753452921,-7.262329366432482,819
85,Lower,0.6715314136555757,-12.0457277199685,-12.06235868571311,-12.03068880365455,-7.267068948041036,-7.281679532518005,-7.251564424610189,819
85,Lower,0.6716465360290605,-12.325871248684923,-12.34269648821653,-12.31077327456108,-7.25604630691073,-7.270727950185089,-7.240440746924288,819
85,Lower,0.6717616584025454,-12.60645168953402,-12.62347779616976,-12.59129743526995,-7.244668585375743,-7.259424270255047,-7.228956540769467,819
85,Lower,0.6718767807760303,-12.887470340471243,-12.90470410680715,-12.87226273373224,-7.232933928018889,-7.247766741398484,-7.217110011605213,819
85,Lower,0.6719919031495151,-13.168928479731234,-13.18637777242982,-13.15367059387103,-7.2208404599792795,-7.235753596991769,-7.204899364021065,819
85,Lower,0.672107025523,-13.450827363453575,-13.46850486893517,-13.43552241243321,-7.208386286538755,-7.223383054927842,-7.192322802896477,819
