order,omega_difference_mean_um,omega_difference_min_um,omega_difference_max_um,omega_relative_mean_percent,omega_relative_median_percent,omega_relative_std_percent,omega_relative_min_percent,omega_relative_max_percent,R_difference_mean,R_difference_min,R_difference_max,R_relative_mean_percent,R_relative_median_percent,R_relative_std_percent,R_relative_min_percent,R_relative_max_percent
60,-1.0655667844578824,-1.1706918979399532,-0.7962973634203507,-3.1953855739282733,-3.250026173784828,0.41624586050644813,-3.6571968589567287,-1.6056430823304342,1524.2134214640946,463.48268798526624,1920.9585677300784,3.3027335196069236,3.359201366463672,0.4404697970147617,1.631827629042021,3.7960221758391675
61,-1.0677760017626918,-1.1704922178079613,-0.804228173928216,-3.3011807929415413,-3.3634130368332085,0.4146135193315297,-3.7006806265125407,-1.6873288239997948,1623.696445769852,507.16940182178223,1974.153476892905,3.415742419378822,3.4804761423653097,0.4394871992539849,1.7162715138893427,3.8428903539508035
62,-1.081933485573107,-1.170290834549455,-0.808963099620641,-3.4144300371111327,-3.470143365675836,0.4325323851235332,-3.9604398383508586,-1.7618998650552773,1712.7491077989312,550.1185584916384,2097.1518988408134,3.537171367337527,3.5948916243523223,0.4598702745305161,1.793483102662325,4.123755414154982
63,-1.0909028906684726,-1.1722215719789304,-0.816047968481115,-3.4823596863575745,-3.581805701376921,0.41492912991773434,-3.9493452800480724,-1.8402121285246775,1764.940100984218,595.3165400725265,2092.4854549004085,3.6098804678569802,3.7148648481124034,0.4415499826228159,1.8746946526726556,4.111727088775749
64,-1.0967324969727361,-1.172295438159665,-0.8228079325487343,-3.524365763978226,-3.5999851511150567,0.3861364864128867,-3.9349675969294022,-1.9176964402322503,1796.6551076135784,641.6376721526613,2065.400193252928,3.654741518425709,3.734424044014258,0.41103012496375824,1.9551752260254205,4.096144359884772
65,-1.1019920173993878,-1.1723478920497854,-0.8292619361505089,-3.554783236101806,-3.646159145252992,0.3588487687033204,-3.9360518696025033,-1.994054944005638,1818.0065415662702,688.8204038390832,2047.3509369124513,3.6872112377807635,3.784135003635062,0.38212640311920665,2.0346109488337576,4.097318447970917
66,-1.1073396198624017,-1.1723805735304182,-0.8354272459492051,-3.5737582099291734,-3.699464870955757,0.3289007971923071,-3.85812677686323,-2.0689976657746563,1827.6765083910045,736.5846058633106,2061.4077656522495,3.707390083782723,3.8415833642051003,0.350284313714677,2.1126942809436726,4.012944316808168
67,-1.112523083996141,-1.1723950061597321,-0.841319629060429,-3.5866545080898593,-3.690034925779064,0.30307946702481997,-3.7948805514821,-2.142246837427683,1831.8010274911308,784.6368779276236,2088.3551358739933,3.7210838222958387,3.8314134976507157,0.3228447346341259,2.189128663041079,3.944564681973196
68,-1.116191017446099,-1.1712727496995257,-0.846953522160014,-3.5925969785117924,-3.6706800241085125,0.2821478677938988,-3.800157218695056,-2.213541073436476,1831.800713694413,832.6764240034609,2110.198410776371,3.7273435868982796,3.8105525042109245,0.3006967641708493,2.2636330647950706,3.95027417607052
69,-1.1198708330519802,-1.1708097882596746,-0.859070387829064,-3.598079394962531,-3.6603716298153426,0.2679415597092907,-3.8166489810677824,-2.2842137899797197,1831.5708867210913,874.7255902892502,2129.123854999867,3.7331574925542075,3.7994444111799015,0.28569214879333,2.3375952562627043,3.968097676969329
70,-1.1238837801728,-1.1703520244203958,-0.8639323740613492,-3.6056377560529445,-3.6562012146377434,0.25559953191443135,-3.8299520457905887,-2.3317305191462445,1832.9729624815354,906.7063899255882,2144.511975344234,3.741220838427262,3.794952185284618,0.27263150846655954,2.3873839129099843,3.9824794406683077
71,-1.1261577680379709,-1.1711813940156155,-0.8685545581208487,-3.6091455286466543,-3.6580629310654302,0.2467269420189208,-3.8432958126584715,-2.37821734610154,1833.186465195156,938.5401558663652,2159.7330702750187,3.744947782104974,3.7969580582100413,0.26335298310498034,2.4361403259977448,3.99690920486609
72,-1.1296476498919672,-1.174161033208776,-0.8729482895404317,-3.6182132794339386,-3.6656873884552756,0.23721786011320867,-3.854595504012087,-2.423645682620145,1836.963790835009,970.1708175190506,2172.691178266956,3.754658216799393,3.805172593957537,0.2533519363210702,2.4838314505509635,4.009131665962364
73,-1.131228142898689,-1.1766598416200758,-0.8771240907794464,-3.6232892272189683,-3.6717449044151063,0.23394531539236949,-3.8640239697415453,-2.467987956299438,1839.8445139712856,1001.5425212225746,2183.561002648421,3.7601062786551296,3.811700698566852,0.2500294152603664,2.5304252600210986,4.019332289660745
74,-1.134822053539257,-1.1787309438662206,-0.881091735108086,-3.636469068795664,-3.6801830552798007,0.2236092706056211,-3.8717500969584235,-2.5112177987199416,1847.5057187153072,1032.5999083114148,2192.5182173245266,3.774246215272564,3.8207952632852273,0.2391326129168083,2.5758909556746574,4.02769265067735
75,-1.1364043179743641,-1.1799032730479553,-0.8848603303608371,-3.6450328254045776,-3.6957025694804173,0.22198979760071094,-3.877938152872559,-2.5533102736892164,1853.8059620441363,1063.2884204913862,2199.7377424460356,3.783461894378961,3.8375261977646984,0.23758310699305143,2.6201992191765773,4.03438964974705
76,-1.137558514119978,-1.1814092594137833,-0.8884383781992966,-3.6538398981065057,-3.705179607800705,0.21968135507949596,-3.8973350197996997,-2.5942420514290667,1860.9123310950536,1093.5545892751543,2205.3922925450242,3.792937996393735,3.847745500160623,0.23527346014738915,2.6633224090403695,4.055387297695114
77,-1.140353251914933,-1.182254187155781,-0.8918338369312551,-3.6690961164870415,-3.7138172054764222,0.2070547375845963,-3.9235365002967058,-2.6339916045170573,1871.6401613564228,1123.3463390521283,2213.63562351594,3.8093170396279574,3.8570614681714432,0.2219000841162039,2.705234780699498,4.083764760439616
78,-1.1412503322951137,-1.182968051495422,-0.8950541760608388,-3.6794358599302517,-3.726679727490658,0.20531061350975013,-3.945761149374109,-2.672539391979931,1880.5220473864504,1152.6132887281128,2220.541696808148,3.820453068532473,3.870937219044692,0.22016616554375035,2.7459126945735792,4.107847259257921
79,-1.1415940895271606,-1.1835604276027034,-0.8981064174395925,-3.6887453014239338,-3.7340456248542444,0.20358245036872902,-3.9681445555349613,-2.7098680020559294,1889.124344853355,1181.3070316812446,2226.2480797547614,3.830480848888334,3.8788845920596002,0.218439821577881,2.7853347808349542,4.132113039720335
80,-1.141985811428346,-1.1840403342722112,-0.9009971804090355,-3.698689784903767,-3.7450154216754457,0.20137674372363862,-3.9861860113690017,-2.745962306954393,1898.190555919145,1209.3814165785952,2226.0858944216743,3.8411932394638564,3.8907236891210584,0.21619076824230776,2.823482116831039,4.15167995888836
81,-1.1419584599540513,-1.184416274807809,-0.9037327211789403,-3.707615282079742,-3.753997847892242,0.1995991770849499,-4.005745260187682,-2.780809601626032,1906.7956535136734,1236.7928159200746,2230.00239789427,3.850810840345571,3.900419554101978,0.21439902379827905,2.8603383876108266,4.172901314039229
82,-1.143003617533796,-1.1846962718839968,-0.9045334493702484,-3.7198702545260334,-3.752534669978422,0.1880359853550828,-4.026641537156518,-2.808855136041517,1916.8557862522125,1260.9392317967213,2253.704310879082,3.8639802840636475,3.898839958523564,0.20214834496481637,2.890019992720636,4.195582871883339
83,-1.1432555271816063,-1.1848878992668546,-0.9034362492688075,-3.729605117589972,-3.7490146183134616,0.18701952592949905,-4.035044749620969,-2.8300434539748496,1925.6651840517152,1281.6899142761686,2269.981107821557,3.8744789727888387,3.8950410342312853,0.20113878567392587,2.9124557533110074,4.20470678432593
84,-1.1428438048631417,-1.1849983097635963,-0.9059241473519108,-3.7368951644220743,-3.747721747628473,0.18812257776849375,-4.058101590080383,-2.8615400007557086,1933.0714534762562,1307.017751907828,2288.0609380674796,3.882350216170839,3.893644454586961,0.20242411960899034,2.9458246353679676,4.229749343376047
85,-1.1425807181221344,-1.1850342594428334,-0.9117911664002811,-3.744306272597914,-3.744331036084208,0.1900728653162292,-4.068346310773327,-2.9029623281650836,1940.3504833320778,1336.8543326092476,2303.969296604999,3.8903569243541263,3.889985704331851,0.2046334940292256,2.989742246161195,4.240880213171319
86,-1.142024131503836,-1.1846947408029607,-0.9152793435323048,-3.75003312645418,-3.7428607953671205,0.19247455867626861,-4.063302945513795,-2.936077604117546,1946.3368665886303,1362.5834109961725,2297.3008411286864,3.8965487222435735,3.88839299664353,0.2072979202322752,3.0248793736533335,4.23540029144128
87,-1.1406316562269279,-1.1846073058610074,-0.9171982117610611,-3.751918522531804,-3.7469959498047296,0.193705183166473,-4.056089528080594,-2.9633227736274406,1949.6679229262436,1385.2697738089992,2286.301266955328,3.8985893084844205,3.892857210815184,0.2086681135134272,3.053805997019406,4.227563467736459
88,-1.1392407358716212,-1.1844617154119774,-0.9189977944394947,-3.752848166433799,-3.753925231655364,0.19564785021445538,-4.0445540290257505,-2.989306446826958,1951.994767227494,1407.0758746171923,2268.103546737155,3.8996013088372217,3.9003377583911885,0.21079123720046838,3.081408407305352,4.215033481892999
89,-1.1379107018028491,-1.184263386488027,-0.9206823574103851,-3.75325753845642,-3.76230168229535,0.19968963033541004,-4.034684233430467,-3.014037545106425,1953.7453570471264,1427.98495929021,2251.8527427011504,3.9000610148015706,3.909383833463517,0.21517881172934294,3.107693947681877,4.204315186283992
90,-1.1361914968099087,-1.183635027529828,-0.922255997039656,-3.7515269612202378,-3.7564647644948583,0.2040101507024312,-4.037686248238111,-3.03752767525929,1953.9653851942076,1447.9840456441088,2237.5087281375017,3.8982122495720226,3.9030787388412653,0.2198588823939766,3.132672937246504,4.207574463357051
91,-1.1344196842054317,-1.183348215556105,-0.9237226503593376,-3.7487388116351847,-3.7624311682246363,0.20967121357549,-4.065190674332261,-3.0597910497379077,1953.2309102539,1467.0639043127012,2225.0123243158014,3.8952286099325475,3.9095206657775936,0.2259868193305079,3.1563585907686713,4.237450678771932
92,-1.13269040637693,-1.1830213974528547,-0.9250861053402595,-3.74518873616684,-3.7636457978690574,0.21697761077720207,-4.092102759332764,-3.08084440333525,1951.68673029335,1485.2190204955186,2214.290376925819,3.8914313673533463,3.910832490479109,0.2338917842444126,3.1787669332147908,4.266700058937919
93,-1.1306039938525119,-1.1821810883718697,-0.926477501948856,-3.7389585623860535,-3.772883943980534,0.22267655828644017,-4.099504431826891,-3.0930247111709486,1947.9909204888256,1494.6877072341813,2205.2597514370427,3.884735115396074,3.9208115584572267,0.24003221431047617,3.1917356480810093,4.27474738318334
94,-1.1288098468447574,-1.1812014583378954,-0.9283558664989755,-3.7326535161272627,-3.7439306075381182,0.22780781569818856,-4.1058135170641075,-3.098256360891582,1943.8099306111128,1496.5533334140273,2197.830451112175,3.8779567942830666,3.8895528900628697,0.24556424105761238,3.1973069849743103,4.28160778091216
95,-1.126826969204015,-1.1758680528250984,-0.930148292329843,-3.725240458314394,-3.721045676539943,0.23314648679235425,-4.081320277234457,-3.1032728868235093,1938.8660837337334,1498.3432527450714,2191.908042953779,3.8699855556069327,3.864858794716925,0.25131075671438363,3.2026497935983103,4.254978964586096
96,-1.1246022643078506,-1.174672301520019,-0.9318576423300655,-3.7165509731146864,-3.7004514522945966,0.23668035847431734,-4.078657121059214,-3.108256093797277,1933.0634841394674,1500.2310858655328,2184.17883598592,3.8606297486313053,3.8426466965747044,0.25510179662789534,3.2079576588838137,4.2520842900057785
97,-1.1225724021592003,-1.1733092020786948,-0.9334866543504496,-3.7081586451861237,-3.6821787884332764,0.24069135202655434,-4.078868328205806,-3.113376619752458,1927.2899567192208,1502.3795238327584,2181.566524304384,3.851598967036885,3.8229465724938665,0.25942102382544246,3.2134123504304126,4.252313756497745
98,-1.1207286125594733,-1.171769372246164,-0.935037947639831,-3.7000229121398083,-3.667901940036557,0.2438887168809693,-4.077311753835891,-3.1187939520331236,1921.5051548200356,1504.9405115554182,2174.5345431711758,3.8428423908917226,3.807559534154681,0.2628588860458615,3.219183835458499,4.250621922861798
99,-1.1189252769673965,-1.1700425656160363,-0.9365140197612511,-3.6919176187925444,-3.6558233911619245,0.24685563118680537,-4.0738769757141275,-3.1246564678330957,1915.7120827258384,1508.0555285554947,2168.5253920903124,3.834119082089381,3.7945452978697034,0.2660507197323634,3.2254303230778345,4.2468889750197985
100,-1.1172610282269166,-1.1681176143412095,-0.9379172486791987,-3.6844305017776535,-3.6473723834371867,0.2486965657834036,-4.068475636804204,-3.1311015223154692,1910.3506933343842,1511.8559478295865,2167.8970062645967,3.826057577619853,3.785441678582047,0.26802309283368053,3.232298363571394,4.24101934029589
101,-1.1158513396916638,-1.165982372389962,-0.939249889631455,-3.6780726010053963,-3.640144999495722,0.25149843413356043,-4.061043250161271,-3.1382555097891442,1905.7362660173374,1516.4633994520627,2167.768713883859,3.8192198722286075,3.7776573606068,0.2710441064065186,3.239922921904408,4.232943677891715
102,-1.1146844550286128,-1.1656083094244707,-0.9405140742408911,-3.672841492035032,-3.6366627406600838,0.2518737770671409,-4.069401478514002,-3.146233870398173,1901.9300845611124,1515.6477007597496,2164.794339841268,3.8135839599304857,3.7739069886374077,0.27143902653383545,3.248427394904055,4.242025261856668
103,-1.1140357090044812,-1.1652109987183579,-0.9417118103609603,-3.6701426778578248,-3.633756629408798,0.2533367273968898,-4.074968067426175,-3.155141024984113,1899.8951697996083,1510.9267025750887,2161.0007636142836,3.8106836635897525,3.770777472116515,0.27301955833607056,3.257923552658926,4.248074479753049
104,-1.113571803152172,-1.1647918406270072,-0.9428449742188114,-3.6689012243714165,-3.6333179833133977,0.253783224059999,-4.077635966174627,-3.1650701581934375,1899.0784319372754,1507.3716947011708,2164.9398022414825,3.809348311230828,3.7703051112424193,0.2735000409026683,3.2685113176571208,4.250973929802383
105,-1.1132504483655157,-1.164351860786006,-0.9439153125097022,-3.669152319276622,-3.6353965856006027,0.2536927449210851,-4.077326419516799,-3.176102882588165,1899.5880847777946,1505.002573017824,2169.1077564934603,3.8096183836127455,3.772543443722329,0.2734051357047767,3.280278415476326,4.250637493521143
106,-1.11344783013887,-1.163891698006129,-0.9518543947191205,-3.6722045260813356,-3.640039894489972,0.253310911067007,-4.0739910124806915,-3.204110011632154,1902.1409549362552,1503.8373596440433,2173.508624885668,3.812905542766086,3.7775439318604525,0.273011245890684,3.3101706419889703,4.247012618849224
107,-1.1136927356518163,-1.1651694384688973,-0.9522178234995238,-3.6763323174299427,-3.647292990719299,0.2526048793472169,-4.085086159223801,-3.204278375195337,1905.7482773632564,1503.8922533861114,2178.147908269646,3.8173503242700866,3.785355932585334,0.2722599412018612,3.310350292066092,4.259071684491795
108,-1.114156301083994,-1.1662514355101834,-0.952535026559783,-3.6820619474899208,-3.6566632768548177,0.25243477027392497,-4.092984897905088,-3.2057498310701864,1910.6748920832272,1505.1815817364331,2189.774008606786,3.823525156233498,3.7954499657444583,0.2720987590978308,3.3119207577909466,4.267658361175357
109,-1.1148999978879208,-1.1684311726742926,-0.9528066652393399,-3.6894836880005477,-3.665536769444052,0.25109355867017125,-4.115370229019606,-3.208535566256792,1916.9063963474057,1507.7176527696574,2209.542471896144,3.831518392210483,3.805010591900624,0.2706692819515756,3.314894106847365,4.292000950826353
110,-1.1160664897095547,-1.1690734230125344,-0.9530332589200441,-3.698779054889889,-3.676308544934181,0.24795805241443533,-4.116459630492608,-3.2126427101305484,1924.3691426591865,1511.5104842626242,2212.5481087529333,3.841523322595299,3.81661904209321,0.2673176505363978,3.3192781918877095,4.293185939796564
111,-1.1183883042782272,-1.170526149800292,-0.9532151784092946,-3.712146219957566,-3.6981850795781215,0.2448153279262544,-4.131673540095372,-3.2180739098118494,1934.0824895620597,1516.5674091204346,2233.065622904076,3.8559220209645275,3.8402026978718364,0.26396301738678474,3.325076198016776,4.309736948092045
112,-1.1212930245638848,-1.1716260820553437,-0.9533526434388762,-3.7268565614349716,-3.7311887480044583,0.24259688662306791,-4.1429598312307085,-3.2248267972797544,1944.2767948098904,1522.8925445325222,2254.3883189156986,3.87177905413823,3.8758020442648853,0.2616001416863402,3.332286072643767,4.322018554854895
113,-1.122748481934861,-1.1729985125970046,-0.9534457063207213,-3.73601240930014,-3.7507745918702065,0.23828656200294637,-4.167218296541861,-3.232893313246016,1951.1955208601896,1530.4860944950851,2284.715787072382,3.8816355715728963,3.8969398114071994,0.2569896431583288,3.340899799818096,4.348426040817436
114,-1.1237503260558064,-1.1735391258600423,-0.9534942559703516,-3.7426490328806366,-3.7728836812279827,0.2322696299732118,-4.179093110438008,-3.242258898047679,1956.3169029366115,1539.3434790064348,2310.7495826374216,3.888766531402011,3.9208110993461025,0.2505429119023572,3.350902529518101,4.361357730581778
115,-1.1250758122227043,-1.1743028635018433,-0.9381340706884309,-3.74788582757999,-3.7974908548193405,0.2277162622340878,-4.184613045801679,-3.2261856795970694,1959.492493961133,1549.4542649948417,2329.810278582052,3.8943956209367325,3.9473924841066035,0.245663570294999,3.3337284678826182,4.367370037523944
116,-1.1267985764477877,-1.1748756262739448,-0.9375025430706785,-3.752677102022127,-3.7863597401420748,0.22080175897890295,-4.19431593196465,-3.2107171669223336,1961.520289160176,1560.8008704017484,2339.6523800617797,3.8995331832525717,3.9353653423338923,0.2382290420847849,3.317214010163328,4.377940076627407
117,-1.1285612681446995,-1.175090872116865,-0.9368384766510509,-3.755992684810307,-3.783277792867657,0.212268647180901,-4.184325924480752,-3.1945528927381983,1961.9853104524145,1571.4124622700256,2334.8468973091076,3.903071444038259,3.9320337151283957,0.2290198930720976,3.2999623787408847,4.367057364545341
118,-1.1308747797709073,-1.1752678687635836,-0.9772976679496317,-3.759370248373387,-3.7678453070305196,0.2012495927044078,-4.171013083650998,-3.2921344681162266,1961.5777193316399,1587.08595119026,2326.332996241501,3.9066674181326406,3.9153621299151906,0.21718197583166365,3.404203835649557,4.3525584062907905
119,-1.1339461783623812,-1.1754008019018691,-1.0855771416196092,-3.763221495461628,-3.7436334239634483,0.1887967451406411,-4.154753811468055,-3.307472209213121,1960.353129891638,1601.9382436653905,2314.5559471148517,3.910771744501142,3.889228264149114,0.20379650967605684,3.420606120693253,4.334855957847344
120,-1.1362034057720378,-1.1754741275815626,-1.0911102768105252,-3.762196605387784,-3.7340919100161596,0.18112031653215419,-4.135960949607578,-3.3238185565785194,1955.5696342454976,1617.849428863432,2300.0266157256046,3.909633592202898,3.878933778801978,0.19552379659866928,3.438092745957678,4.314402513184317
121,-1.1383501178425284,-1.1754624992210694,-1.0980281587400498,-3.758754305433968,-3.735053357795799,0.1745735851315179,-4.115077867813942,-3.34107599694916,1948.517272083509,1634.7371810551413,2283.3107824369727,3.9058911223380766,3.8799715018094862,0.18846277196988992,3.4565604375787897,4.291683551246269
122,-1.1402591539755245,-1.175330474096242,-1.104757370431031,-3.7526581680989226,-3.7231027529810587,0.17006006735697904,-4.09257503822993,-3.35912730319099,1939.1320757041622,1652.4981817733205,2265.021788176615,3.8992925806892345,3.867077424664189,0.18358708396411483,3.4758847248261686,4.267213515375111
123,-1.1420220219215182,-1.1748540116669517,-1.103580163478668,-3.7439782021222836,-3.718172060152332,0.16576399616186832,-4.057351164625917,-3.3778328894458136,1927.2946686884213,1671.0046331724807,2229.444623930518,3.8899072758263626,3.8617579410659335,0.17893055385208595,3.495917047478723,4.228933388264515
124,-1.1432968383579274,-1.1743719914991715,-1.102334849960581,-3.732198569159369,-3.712607448190803,0.1609563837277914,-4.033633801586566,-3.397027967973259,1913.0090081583976,1668.9195065414533,2210.570073607574,3.877177435524428,3.855755853525075,0.1737090569741198,3.5164816421839737,4.203173983064836
125,-1.144604072584279,-1.1736132885262727,-1.100775277889099,-3.7200207019700957,-3.708511216328031,0.15896273909521746,-4.009848511831502,-3.416519517895005,1898.3216865682457,1646.5271940190578,2192.1658152581076,3.86403145205988,3.8513375391786653,0.1715214901159643,3.5373722199836326,4.177353579642096
126,-1.145090223022474,-1.1724744372978435,-1.0995060834488832,-3.7050448936298404,-3.688827782808539,0.15775816101363302,-3.97631670331638,-3.4360831525234703,1882.1052838696417,1618.6356713072892,2169.944839457661,3.847874117840595,3.8301131407855245,0.17016646609289537,3.5583485299595496,4.140974450338694
127,-1.1422530620870197,-1.171068084957927,-1.0854803979594152,-3.6792301847753084,-3.675889687724374,0.16794079662174213,-3.954609425823673,-3.4554599538819772,1860.4814658911587,1589.5272501957224,2157.7548306659373,3.820078599226642,3.816166656454865,0.18103855905697452,3.5791328862583973,4.11743745121428
128,-1.1420472437600109,-1.169488989446247,-1.0840090520414236,-3.6618869634488544,-3.651411014311666,0.1686817469680442,-3.9250809367581847,-3.4184995794497084,1843.071319359644,1554.7599697163168,2145.759993380212,3.801391016421393,3.789790787313339,0.1817682860517111,3.5394863709468805,4.085437062670162
129,-1.1402444750115937,-1.1698384044098766,-0.9269047081286175,-3.6408682926718483,-3.6399387144625086,0.18433556769890286,-3.898593184105669,-2.9069222743234384,1824.6009804862913,1307.5276701569892,2134.1286056914905,3.7788095119275447,3.7774336995111177,0.19833475093083494,2.9939431953157425,4.056748678721182
130,-1.1388722076630777,-1.1719006856889571,-0.9260385172815724,-3.622263069481457,-3.626695054118467,0.18654440086514315,-3.8664711889722008,-2.8707542580292125,1807.5245141686007,1275.5774365322359,2122.797820052496,3.758784347309298,3.7631732305235825,0.20061735237274889,2.955591180237696,4.021979174487401
131,-1.137876125115297,-1.1739296317987424,-0.9251594120787132,-3.606260536233876,-3.6147589971935123,0.18949154174845376,-3.856800882383183,-2.8330538738576627,1792.357610082529,1242.6611947364145,2111.77156284175,3.7415711344058105,3.7503234789362683,0.20370894298325537,2.9156446513349734,4.011515781523518
132,-1.1355883018533341,-1.1759208800690146,-0.9242698640115066,-3.5882043575500173,-3.57828875298397,0.1972917903828069,-3.8476443219204963,-2.7937914296649766,1777.0493428216712,1208.8028233786608,2101.0780119147676,3.722175147370067,3.711081145625127,0.2119504411860319,2.8740759289254045,4.001610615385521
133,-1.1330755336427851,-1.1765435746191564,-0.9233727094173361,-3.5715689424374113,-3.558797531105953,0.2029901544271639,-3.83897954541286,-2.752946018003867,1763.212275169877,1174.0374919256355,2090.3809332490055,3.7043060944935315,3.6901205353854225,0.2178720032174852,2.830866872292813,3.992239144270362
134,-1.1293517006110363,-1.1758272982795894,-0.9218769440693109,-3.5546217930012087,-3.5471297636197052,0.21311574538258882,-3.830798461767003,-2.7037755299370687,1750.891649089157,1133.4168782463312,2078.2391982428526,3.6861291943750865,3.6775771686065206,0.22848840069962562,2.778899133207615,3.983392329018738
135,-1.1264777942169395,-1.1751142318825458,-0.9209870266992937,-3.5434293719323073,-3.5365985928749413,0.22063441153808355,-3.8197387706418904,-2.650421849130547,1742.8480332656864,1089.2672599326906,2064.4542900849265,3.6741331844228604,3.666258225334368,0.2363365074299099,2.722569613621866,3.971435223750389
136,-1.1215230900896151,-1.1744475807287138,-0.934597022050454,-3.5277375836498437,-3.5414465428782136,0.2400106687613707,-3.8048649725656993,-2.6319798288076544,1733.715326569329,1058.0065773724782,2043.9510466508727,3.6573673475994775,3.6714679879104293,0.25683898612086475,2.7031131669199437,3.9553590130002645
137,-1.1168545318817342,-1.1777609585159645,-0.9337753925802161,-3.514928265280553,-3.581255840517592,0.26516398893955456,-3.801564182353682,-2.5649039124995845,1727.2782623208361,1004.6559387222587,2027.098334694485,3.643744425597376,3.7142718552034566,0.2834564367024748,2.632410397942359,3.95179212981966
138,-1.1099195007121023,-1.1704041913631649,-0.9330050417091229,-3.4964534733644603,-3.598443034023174,0.3006984750598073,-3.7640643079511755,-2.4961297973201755,1719.1561554529142,951.3217217485726,1991.6598890423484,3.624122322871528,3.732760545785033,0.3211959053942093,2.5600185979057937,3.9112856947734884
139,-1.1020489863534948,-1.1683118313836616,-0.930928011070975,-3.474175549300641,-3.6394605767733195,0.34500629993692544,-3.742372938248075,-2.418484076594914,1709.5536984827181,894.0553214214815,1964.6067604872078,3.600518712195099,3.776916438386997,0.36832284967762446,2.478411176038705,3.887869625607417
140,-1.0935153953450278,-1.1648001111543849,-0.930075000210806,-3.444441468543399,-3.6724231222334662,0.39676051562428166,-3.797449923156596,-2.3366163059488696,1694.766962773048,834.3453368673363,1936.7323286409737,3.569034432547083,3.8124303689576227,0.4233818629060968,2.3925068159880483,3.947342738840133
141,-1.0809368216500246,-1.1597434386594365,-0.9279604084522219,-3.3910414774688933,-3.651661432216144,0.4479138589471513,-3.894438311300251,-2.2489687505378244,1664.2668226114529,773.7351407171591,2044.1196709430878,3.512258547904038,3.790060241333621,0.4777335691015629,2.3006971808590624,4.052245420270852
142,-1.0624529756961325,-1.1528854212068396,-0.9271540748301277,-3.285607937612795,-3.5316224986671156,0.46763495673014815,-3.7332798459789287,-2.150594892359893,1592.4944254523018,707.1881312572041,1973.3365605895087,3.399606935371533,3.660911361092211,0.4978668217975443,2.197847805369085,3.8780552583497876
143,-1.0516330482726515,-1.1403784488179838,-0.9285192316710393,-3.166535197409097,-3.280168007968498,0.4926206968894643,-3.6938642366583334,-2.045683702843309,1496.0361621816885,638.0250345228451,1929.8365245827445,3.272716618784072,3.3914111746431823,0.523596847562759,2.0883913095422066,3.8355406794291995
144,-1.024528881619601,-1.0565735940586407,-0.9255142329500643,-2.9615956640505616,-3.1090271943608743,0.4401228405979841,-3.4328023481411605,-1.9298828531159906,1342.9605676114938,568.8008593345658,1732.0269701867583,3.054070284962328,3.2087858015479354,0.4657655651873736,1.9678452765381482,3.5548306525727402
