wavelength_nm,x_centroid_mm,y_centroid_mm,x_min_mm,x_max_mm,y_min_mm,y_max_mm,delta_x_um,delta_y_um,omega_prime_um,reciprocal_dispersion_nm_per_mm,delta_lambda_nm,delta_lambda_pm,resolving_power,valid_ray_count
550.591592123,12.490512564711706,-2.682160545917818,12.47516795012874,12.50506128015388,-2.699581288084842,-2.66375642704495,29.89333002514094,35.82486103989213,29.89333002514094,0.39207854816346793,0.011720533436028665,11.720533436028665,46976.666644753,8281
550.6875274342424,12.246472085505046,-2.6998134833044825,12.23188270287001,12.26091180273594,-2.717119164555578,-2.681450981637982,29.029099865930164,35.66818291759599,29.029099865930164,0.3918289779050306,0.011374442529970476,11.374442529970477,48414.46303704449,8281
550.7834627454848,12.002100124196991,-2.7172260877715613,11.98787508709835,12.0164396517981,-2.734412379164787,-2.69890929184211,28.56456469974944,35.50308732267693,28.56456469974944,0.3913302247510281,0.011178177523868231,11.17817752386823,49273.100339426805,8281
550.8793980567273,11.757396403223357,-2.7343976184502914,11.74306340704625,11.77164400750917,-2.751460721647311,-2.716130421906814,28.580600462920103,35.330299740496955,28.580600462920103,0.3908315841509467,0.011170201354908345,11.170201354908345,49316.87268239467,8281
550.9753333679697,11.512360593854838,-2.7513273207938544,11.49792969902084,11.52652404112247,-2.768263935406926,-2.733113429377118,28.59434210162881,35.15050602980763,28.59434210162881,0.3903330032243024,0.011161315427751886,11.161315427751886,49364.73097050956,8281
551.0712686792122,11.266992319105128,-2.768014426947388,11.2524730527602,11.28107891487627,-2.784821719571848,-2.749857365014087,28.605862116069858,34.96435455776093,28.605862116069858,0.38983443253175354,0.011151550025099679,11.151550025099679,49416.56249031501,8281
551.1672039904546,11.021291156455145,-2.7844581560931796,11.00669254825701,11.03530778189246,-2.80113373094636,-2.766361272722955,28.615233635449044,34.7724582234048,28.615233635449044,0.38933582585431387,0.011140935619471694,11.140935619471694,49472.25464862628,8281
551.2631393016969,10.775256640400581,-2.80065771477049,10.76058725566375,10.7892097860725,-2.817199585843374,-2.782624189476358,28.622530408748403,34.5753963670159,28.622530408748403,0.3888371399875409,0.011129502863344149,11.129502863344149,49531.69481786319,8281
551.3590746129395,10.528888264839242,-2.816612297175782,10.51415623519578,10.54278406199393,-2.833094436577586,-2.798645145235345,28.627826798150124,34.449291342240954,28.627826798150124,0.3883383345487104,0.011117282580542561,11.117282580542561,49594.770180433006,8281
551.4550099241818,10.282185485309794,-2.8323210854387075,10.26739853704192,10.29602973480629,-2.848737944816511,-2.814423162872958,28.631197764369176,34.3147819435532,28.631197764369176,0.3878393717962781,0.011104305754707942,11.104305754707942,49661.36759070948,8281
551.5509452354243,10.03514772108258,-2.8477832498819593,10.02031320126488,10.04894592012337,-2.86412768138746,-2.829957258098537,28.63271885848917,34.17042328892306,28.63271885848917,0.3873402164606192,0.011090603520503249,11.09060352050325,49731.37342938728,8281
551.6468805466667,9.787774357122116,-2.8629979492607656,9.772899257709573,9.80153172391624,-2.879263531749652,-2.845246439380474,28.63246620666615,34.017092369178044,28.63246620666615,0.3868408355867142,0.011076207152295093,11.076207152295092,49804.67347365929,8281
551.7428158579089,9.54006474592521,-2.8779643309847445,9.525155725909217,9.553786242406154,-2.894145325105564,-2.860289707862691,28.630516496937375,33.85561724287322,28.630516496937375,0.3863411983852392,0.011061148053815147,11.061148053815147,49881.15276764648,8281
551.8387511691515,9.292018209238456,-2.8926815313260037,9.2770816149897,9.305799395287458,-2.908772837040912,-2.875086057292719,28.7177802977574,33.686779748193004,28.7177802977574,0.3858412760931844,0.011080504996650425,11.080504996650426,49802.67156920819,8281
551.934686480394,9.04363403967348,-2.907148675609209,9.028675923581092,9.05746930425866,-2.92314579202356,-2.889634473937445,28.79338067756798,33.51131808611507,28.79338067756798,0.38534104184503853,0.011095271308534847,11.095271308534848,49745.037424711525,8281
552.0306217916365,8.794911502213848,-2.9213648783885984,8.779937639722487,8.808794212039741,-2.93726386576135,-2.903933936506961,28.856572317254248,33.329929254388716,28.856572317254248,0.38484047054978976,0.011105176869026161,11.105176869026161,49709.304795615135,8281
552.1265571028788,8.545849835627834,-2.9353292436118283,8.530865740772182,8.559774065253213,-2.951126687436691,-2.917983416075702,28.908324481031755,33.14327136098916,28.908324481031755,0.3843395387762215,0.011110612097833098,11.110612097833098,49693.62193920531,8281
552.2224924141212,8.296448253792285,-2.949040864769559,8.281459193319822,8.310399101009372,-2.964733841802943,-2.931781875998564,28.93990768954957,32.95196580437931,28.93990768954957,0.3838382246458756,0.01110824278897223,11.10824278897223,49712.85764138529,8281
552.3184277253637,8.046705946930958,-2.9624988250349906,8.031716953097078,8.060670103336427,-2.978084871182842,-2.945328271833882,28.953150239349412,32.7565993489598,28.953150239349412,0.38333650773216565,0.01109879950059692,11.09879950059692,49763.79902129583,8281
552.4143630366061,7.796622082773584,-2.975702197390188,7.781637964892227,7.810586766757696,-2.991197107651827,-2.958621551265994,28.948801865468887,32.57555638583298,28.948801865468887,0.3828343689655256,0.011082596294474811,11.082596294474811,49845.21211081291,8281
552.5102983478484,7.546195807640527,-2.9886500447421214,7.531221162466624,7.560149799915777,-3.004070639629862,-2.971660654017194,28.928637449153527,32.40998561266784,28.928637449153527,0.38233179054434585,0.011060337753943085,11.060337753943084,49954.197660091784,8281
552.6062336590909,7.295426247457039,-3.001341420029243,7.280465468473088,7.309359757358234,-3.016683375136768,-2.984444511775395,28.894288885145336,32.23886336137305,28.894288885145336,0.3818287558521142,0.011032670376246615,11.032670376246616,50088.16676412761,8281
552.7021689703333,7.044312508702924,-3.0137753663175237,7.029369794376925,7.058217049598605,-3.029034916114336,-2.996972048106414,28.84725522168008,32.06286800792224,28.84725522168008,0.38132524937831214,0.011000186791286974,11.000186791286973,50244.79851634134,8281
552.7981042815758,6.79285367929824,-3.0259509168872354,6.777933040379197,6.806721952549045,-3.041124818140043,-3.009242178379765,28.78891216984858,31.882639760278053,28.78891216984858,0.38082125664487937,0.010963429709960797,10.963429709960797,50422.00469250352,8281
552.8940395928182,6.541048829432505,-3.037867095311794,6.526154095344303,6.55487461636185,-3.052952592558892,-3.021253809680961,28.720521017547185,31.69878287793093,28.720521017547185,0.38031676413736354,0.010922895617732685,10.922895617732685,50617.900137691235,8281
552.9899749040608,6.288897012340012,-3.0495229155275645,6.274031836732163,6.302675073718389,-3.064517708481189,-3.033005840738151,28.64323698622684,31.51186774303838,28.64323698622684,0.37981175923950194,0.010879038230052785,10.879038230052785,50830.777795821545,8281
553.0859102153031,6.036397265021167,-3.06091738189627,6.021565130531006,6.050140391165186,-3.07581959468132,-3.044497161837685,28.575260634180033,31.322432843635006,28.575260634180033,0.37930623017254206,0.010838774387348671,10.838774387348671,51028.45492022427,8281
553.1818455265454,5.7835486089166706,-3.0720494892593866,5.768752831196268,5.79732363342889,-3.086857641378179,-3.055726654741493,28.570802232621872,31.13098663668623,28.570802232621872,0.37880016593758253,0.01082262462668702,10.82262462668702,51113.465042710566,8281
553.2777808377879,5.530350050537851,-3.082918222985708,5.515593781596213,5.544158588716,-3.097631201926717,-3.066693192612263,28.56480711978726,30.938009314454007,28.56480711978726,0.3782935562617421,0.010805882469275054,10.805882469275053,51201.536053251766,8281
553.3737161490303,5.276800582052115,-3.0935225590122313,5.262086812960046,5.290644188675266,-3.108139594400843,-3.077395639929584,28.55737571521999,30.743954471259105,28.55737571521999,0.37778639154735266,0.01078858792351496,10.78858792351496,51292.50649595107,8281
553.4696514602728,5.022899181828905,-3.103861463878294,5.008230744832433,5.036779352910602,-3.118382103102755,-3.087832852412032,28.548608078168947,30.549250690723007,28.548608078168947,0.3772786628251106,0.010770780681249731,10.77078068124973,51386.21496803645,8281
553.5655867715151,4.768644814948829,-3.1139338947531057,4.754024385035439,4.78256298889271,-3.128357979971737,-3.098003676939252,28.538603857271028,30.354303032484875,28.538603857271028,0.3767703617087377,0.010752500097966381,10.752500097966381,51482.50004445114,8281
553.6615220827576,4.51403643367513,-3.123738799458195,4.499466529634831,4.527993991873907,-3.138171518706106,-3.107906951470135,28.527462239075874,30.26456723597093,28.527462239075874,0.37626148035254897,0.01073378517277613,10.733785172776129,51581.200216955855,8281
553.7574573940001,4.259072977894389,-3.1332751164830768,4.24455596291663,4.27307124481082,-3.147748116094582,-3.117541504969469,28.51528189419028,30.206611125112914,28.51528189419028,0.37575201141396064,0.01071467452777809,10.71467452777809,51682.153849691706,8281
553.8533927052425,4.003753375524176,-3.1425417749969253,3.989291457370145,4.017793618290804,-3.157052819453128,-3.126906157328042,28.502160920658604,30.1466621250861,28.502160920658604,0.3752419480154209,0.010695206386516937,10.695206386516936,51785.19915272188,8281
553.9493280164849,3.748076542891398,-3.1515376948525815,3.73367177367739,3.762159970466207,-3.166084613430174,-3.135999719286446,28.48819678881709,30.084894143727947,28.48819678881709,0.374731283709359,0.010675418553238267,10.675418553238266,51890.174165438286,8281
554.0452633277273,3.492041385083969,-3.160261786588577,3.477695080565506,3.506169146997491,-3.174842474187742,-3.14482099236154,28.474066431984912,30.021481826202123,28.474066431984912,0.3742200124471564,0.010655565494598552,10.655565494598552,51995.8573393951,8281
554.1411986389697,3.235646796276053,-3.1687129514230272,3.221346368952109,3.249819981001684,-3.183325369260079,-3.153368768771976,28.473612049574992,29.956600488103113,28.473612049574992,0.3737081285481629,0.01064082027205309,10.640820272053091,52076.92494293498,8281
554.2371339502121,2.9788916600290882,-3.176890081245552,2.964592297706396,2.993111293012178,-3.191532257415034,-3.161641831366203,28.518995305781836,29.890426048831298,28.518995305781836,0.3731956266714352,0.01064316432518097,10.64316432518097,52074.469304107835,8281
554.3330692614545,2.721774849570429,-3.184792058603311,2.707439906837443,2.736041890947448,-3.19946208852067,-3.169638953548017,28.60198411000514,29.823134972652987,28.60198411000514,0.3726825017893918,0.010659458994257145,10.659458994257145,52003.86525808722,8281
554.429004572697,2.4642952280505135,-3.192417756682653,2.449926409748374,2.478610570089648,-3.207113803406047,-3.177358899210637,28.68416034127419,29.75490419541016,28.68416034127419,0.3721687491636996,0.010675348075023013,10.675348075023013,51935.449849161174,8281
554.5249398839395,2.20645164878119,-3.1997660392866196,2.192050473488891,2.220816113077033,-3.214486333726556,-3.184800422668953,28.765639588142378,29.68591105760332,28.765639588142378,0.3716543643215209,0.01069087549543303,10.69087549543303,51868.992405797224,8281
554.6208751951817,1.9482429554550285,-3.206835760808923,1.933810755569567,1.962657289905737,-3.221578601829418,-3.191870346854524,28.846534336170127,29.708254974893933,28.846534336170127,0.3711393430343341,0.010706083802343542,10.706083802343542,51804.27179859887,8281
554.7168105064243,1.6896679823463117,-3.213625766203168,1.675205904846523,1.704132857946457,-3.228389520621692,-3.198621204128276,28.926953099933872,29.768316493415714,28.926953099933872,0.37062368129952405,0.010721013846676172,10.721013846676172,51741.07770398998,8281
554.8127458176667,1.4307255545010238,-3.220134890948324,1.416234562351447,1.445241561980192,-3.234917993434245,-3.205092618636499,29.00699962874498,29.82537479774594,29.00699962874498,0.37010737532062565,0.010735704498521167,10.735704498521168,51679.21172700791,8281
554.9086811289092,1.1714144879060755,-3.2263619610110568,1.156895362057831,1.185982134241796,-3.241162913892766,-3.211283430608562,29.08677218396494,29.879483284203978,29.08677218396494,0.36959042149086874,0.010750192391280479,10.750192391280478,51618.488389007594,8281
555.0046164401515,0.9117335896501408,-3.232305792803815,0.8971869315966465,0.9263532944872068,-3.247123165784172,-3.217192473341502,29.166362890560293,29.930692442670104,29.166362890560293,0.36907281637842354,0.010764511695534225,10.764511695534225,51558.735977815064,8281
555.1005517513939,0.6516816580703282,-3.2379651931395297,0.6371078929189444,0.6663629955300117,-3.252797622924103,-3.222818573120666,29.25510261106723,29.979049803436908,29.25510261106723,0.36855455671184206,0.010782101374381335,10.782101374381336,51483.521855056286,8281
555.1964870626364,0.39125748288836226,-3.243338959182306,0.3766568629098366,0.4060033417077964,-3.258185149028265,-3.228160549147056,29.34647879795982,30.024599881208758,29.34647879795982,0.36803563936735134,0.010800550087587561,10.800550087587562,51404.463898620415,8281
555.2924223738788,0.1304598453368915,-3.248425878396132,0.1158324539569211,0.1452699865294846,-3.263284597576346,-3.233216483160767,29.437532572563512,30.068114415578773,29.437532572563512,0.3675160613572863,0.010818766027145366,10.818766027145367,51326.77987310148,8281
555.3883576851213,-0.13071248172324482,-3.253224728488529,-0.1453667255272428,-0.1158384510184884,-3.268112740895724,-3.237983855108725,29.528274508754407,30.128885786998794,29.528274508754407,0.36699581982002094,0.01083675331121095,10.83675331121095,51250.43836797089,8281
555.4842929963637,-0.3922607336915254,-3.257734277352562,-0.4069420706195341,-0.3773233629847059,-3.272654167246023,-3.242463506795334,29.618707634828155,30.190660450688966,29.618707634828155,0.366474912010568,0.010854513274340387,10.854513274340388,51175.421592555904,8281
555.580228307606,-0.6541861541263755,-3.2619532830036593,-0.66889497944533,-0.6391861521421944,-3.276904075562624,-3.246654227919134,29.70882730313562,30.249847643490035,29.70882730313562,0.36595333529244567,0.010872044439209754,10.872044439209754,51101.72529316749,8281
555.6761636188485,-0.9164899946468184,-3.2658804935160677,-0.9312292427891027,-0.9014282316403079,-3.280861183072965,-3.250554800631276,29.801011148794743,30.30638244168893,29.801011148794743,0.36543108713165473,0.010890215901726626,10.890215901726625,51025.26604001918,8281
555.7720989300909,-1.1791735148366913,-3.2695146469534713,-1.193947210020218,-1.164051024614215,-3.284524195908884,-3.254163999427552,29.896185406002918,30.360196481332036,29.896185406002918,0.3649081650901045,0.010909362159698085,10.909362159698086,50944.50901843301,8281
555.8680342413334,-1.4422379821574496,-3.272854471298576,-1.457046854409539,-1.427055963757459,-3.287891808988253,-3.257480591032971,29.990890652080047,30.41121795528179,29.990890652080047,0.3643845668210359,0.010928217698835244,10.928217698835244,50865.3880770127,8281
555.9639695525758,-1.7056846718585459,-3.2758986843782374,-1.720529666055093,-1.690444490844905,-3.290962705901294,-3.26050333428338,30.085175210188055,30.45937161791379,30.085175210188055,0.3638602900662169,0.010946800578671985,10.946800578671985,50787.804670140686,8281
556.0599048638181,-1.9695148668910656,-3.2786459937867125,-1.984397137717318,-1.954218056208843,-3.293735558796226,-3.26323097999809,30.179081508475036,30.504578798136173,30.179081508475036,0.36333533265291074,0.010965126619041084,10.965126619041085,50711.67202923247,8281
556.1558401750606,-2.2337298578210465,-3.2810950968064128,-2.248650764398681,-2.218378118163024,-3.296209028263971,-3.265659864086624,30.27264623565662,30.549164177346988,30.27264623565662,0.36280969249267614,0.010983209471698148,10.983209471698148,50636.914611178,8281
556.2517754863031,-2.498330942742151,-3.2832446803238162,-2.513292042965023,-2.482926142369921,-3.298381763217848,-3.267790748548313,30.365900595101802,30.591014669535177,30.365900595101802,0.3622833675813092,0.011001060727232762,11.001060727232762,50563.467403585935,8281
556.3477107975456,-2.7633194271842267,-3.2850934207449387,-2.778322471796237,-2.747863601149248,-3.300252400783696,-3.269622868418656,30.458870646989045,30.629532365039847,30.458870646989045,0.3617563559994605,0.011018690053113686,11.018690053113687,50491.27510763692,8281
556.4436461087879,-3.0286966240222535,-3.2866399839058595,-3.043743550477274,-3.013191972720442,-3.301819566181067,-3.271154920429796,30.55157775683215,30.664645751270925,30.55157775683215,0.36122865591437264,0.01103610536916392,11.036105369163922,50420.29117115463,8281
556.5395814200303,-3.2944638533771564,-3.2878830249829805,-3.309556779511299,-3.278912740379848,-3.303081872610437,-3.272385593018534,30.64403913145064,30.696279591902798,30.64403913145064,0.3607002655837927,0.011053313053274382,11.053313053274382,50350.47670663446,8281
556.6355167312728,-3.56062244251166,-3.2888211883979483,-3.575763660066772,-3.545027391598829,-3.304037921133456,-3.27331356620309,30.736268467943084,30.724354930365738,30.736268467943084,0.3601711833593409,0.011070318186149456,11.070318186149455,50281.79925557181,8281
556.7314520425152,-3.8271737257206166,-3.2894531077217994,-3.842365693752769,-3.811537417046006,-3.304686300563676,-3.27393751147333,30.828276706762914,30.74878909034595,30.828276706762914,0.3596414076919072,0.011087124831535847,11.087124831535847,50214.23141723514,8281
556.8273873537576,-4.094119044210029,-3.2897774055756264,-4.109364382417556,-4.078444309525235,-3.305025587347281,-3.274256091656465,30.920072892320682,30.769495690816218,30.920072892320682,0.35911093713876774,0.01110373635276029,11.10373635276029,50147.749339827875,8281
556.923322665,-4.361459745969652,-3.289792693528662,-4.376761227973532,-4.34574956282089,-3.305054345452816,-3.274267960783838,31.011665152641754,30.786384668977984,31.011665152641754,0.3585797703709277,0.01112015576925438,11.12015576925438,50082.33105913969,8281
557.0192579762424,-4.6291971856303915,-3.289497571994002,-4.644557732244706,-4.613454670445982,-3.304771126258817,-3.273971763946221,31.103061798723353,30.799362312595946,31.103061798723353,0.3580479061822555,0.011136386152890195,11.136386152890195,50017.95468736335,8281
557.1151932874849,-4.89733272431193,-3.28889063012164,-4.912755396838838,-4.881561124285764,-3.304174468436279,-3.2733661371447,31.19427255307361,30.808331291579005,31.19427255307361,0.3575153434998219,0.011152431067039177,11.152431067039178,49954.596440773304,8281
557.2111285987273,-5.165867729452677,-3.287970445688954,-5.181355723034375,-5.150051892785873,-3.303262897846625,-3.272449707126585,31.30383024850225,30.813190720040406,31.30383024850225,0.35698208139552146,0.011174906477762417,11.174906477762416,49862.710681968885,8281
557.3070639099698,-5.434803574627511,-3.2867355849880506,-5.450360211694896,-5.418940036928159,-3.302034927424446,-3.271221091215933,31.420174766736864,30.813836208512857,31.420174766736864,0.356448119098969,0.011199662197364242,11.199662197364242,49761.06011850321,8281
557.4029992212122,-5.704141639343638,-3.285184602712408,-5.719770363196786,-5.688232737073555,-3.30048905707321,-3.269678897138995,31.537626123230744,30.810159934214987,31.537626123230744,0.3559134560120788,0.011224665507935872,11.224665507935873,49658.762555296336,8281
557.4989345324545,-5.973883308818385,-3.2833160418384417,-5.989587677375606,-5.957931535157398,-3.298623773560507,-3.267821722826717,31.656142218207783,30.802050733790054,31.656142218207783,0.35537809172554496,0.011249899412899143,11.249899412899143,49555.90393041434,8281
557.594869843697,-6.244029973733773,-3.281128433507064,-6.259813653489677,-6.228037974804606,-3.296437550408213,-3.265648156221275,31.775678685070474,30.789394186937713,31.775678685070474,0.354842026035668,0.011275346203268798,11.275346203268798,49452.57199127478,8281
557.6908051549393,-6.514583029968467,-3.278620296901506,-6.53044979019877,-6.49855360017423,-3.293928847796088,-3.263156775062912,31.896190024540694,30.77207273317617,31.896190024540694,0.354305258963639,0.01130098786659833,11.30098786659833,49348.85443097178,8281
557.7867404661819,-6.78554387830358,-3.275790139122366,-6.801497585561549,-6.769479954708533,-3.291096112459988,-3.260346146665125,32.01763085301579,30.749965794862888,32.01763085301579,0.3537677907772378,0.011326806532792524,11.326806532792524,49244.83691421049,8281
557.8826757774242,-7.056913924094869,-3.2726364550617633,-7.072958537036751,-7.040818579771292,-3.287937777594839,-3.257214827682903,32.13995726545882,30.722949911936137,32.13995726545882,0.3532296220128963,0.011352784956388659,11.352784956388659,49140.60099971168,8281
557.9786110886668,-7.328694576921411,-3.2691577272739094,-7.344834141509977,-7.312571013187949,-3.28445226275992,-3.253761363862305,32.263128322028045,30.690898897614893,32.263128322028045,0.3526907535008504,0.011378907038190698,11.378907038190698,49036.22195136486,8281
558.0745463999092,-7.600887250192336,-3.2653524258438393,-7.617125895324062,-7.584738787654842,-3.280637973790884,-3.249984289779382,32.38710766921926,30.653684011502147,32.38710766921926,0.35215118639167786,0.011405158389510572,11.405158389510571,48931.76642887971,8281
558.1704817111515,-7.873493360722796,-3.261219008254074,-7.889835294325025,-7.857323429031416,-3.276493302714001,-3.245882128563904,32.51186529360961,30.611174150096954,32.51186529360961,0.35161092218515616,0.011431526937845648,11.431526937845648,48827.29006772062,8281
558.266417022394,-8.14651432826516,-3.256755919248701,-8.162963833917917,-8.13032645448982,-3.272016627659816,-3.241453391609205,32.63737942809719,30.563236050610953,32.63737942809719,0.3510699627616436,0.011458003580459713,11.458003580459712,48722.83492513933,8281
558.3623523336364,-8.419951574999127,-3.2519615906953354,-8.436513009131813,-8.403749370522924,-3.267206312787168,-3.236696578265244,32.76363860888942,30.50973452192407,32.76363860888942,0.3505283104153343,0.011484582884632622,11.484582884632623,48618.42680248964,8281
558.4582876448789,-8.693806524973931,-3.246834441445872,-8.71048431469745,-8.6775936707938,-3.262060708214735,-3.231610175508198,32.89064390364871,30.450532706536748,32.89064390364871,0.349985967891022,0.011511263841177436,11.511263841177437,48514.072420718374,8281
558.5542229561212,-8.968080603499125,-3.2413728771931685,-8.984879245128724,-8.951860833817411,-3.25657814994663,-3.226192657610206,33.018411311312335,30.385492336423958,33.018411311312335,0.3494429384223036,0.01153805067066121,11.53805067066121,48409.75645707683,8281
558.6501582673636,-9.242775236481922,-3.2355752903283888,-9.259699294818859,-9.226552320463925,-3.250756959819459,-3.220442485765618,33.14697435493308,30.3144740538408,33.14697435493308,0.3488992257732731,0.01156495368916269,11.56495368916269,48305.43842046377,8281
558.7460935786061,-9.517891849703517,-3.2294400597942854,-9.534945958138604,-9.50166957126958,-3.244595445442846,-3.214358107717072,33.2763868690229,30.237337725774083,33.2763868690229,0.3483548342838587,0.011591990233324044,11.591990233324044,48201.049373933405,8281
558.8420288898486,-9.793431868032492,-3.222965550938084,-9.810620729544802,-9.77721400353953,-3.238091900153474,-3.207937957351589,33.40672600527128,30.15394280188488,33.40672600527128,0.34780976891763626,0.011619185652188195,11.619185652188195,48096.488481927656,8281
558.9379642010908,-10.069396714566539,-3.2161501153614407,-10.08672510369364,-10.05318700822763,-3.231265373812176,-3.201180454274672,33.538095466010276,30.084919537503918,33.538095466010276,0.3472640353133624,0.011646574368251512,11.646574368251512,47991.61938335723,8281
559.0338995123334,-10.345787809705856,-3.2089920907695637,-10.3632605755638,-10.32957925079183,-3.224096933115419,-3.194084003360182,33.681324771968946,30.01292975523695,33.681324771968946,0.3467176398400644,0.011677909431623766,11.677909431623766,47871.059694851734,8281
559.1298348235758,-10.62260657013649,-3.201489800819535,-10.64022864057753,-10.60640042982869,-3.216591161577947,-3.186639197895175,33.82821074883857,29.951963682771865,33.82821074883857,0.346170589656608,0.011710331661953455,11.710331661953454,47746.71213114939,8281
559.2257701348183,-10.899854407736743,-3.193641554965141,-10.9176307947359,-10.88365364904957,-3.208751031663643,-3.178826943754746,33.977145686328925,29.924087908897334,33.977145686328925,0.3456228927751492,0.011743279380351685,11.743279380351686,47620.92018950764,8281
559.3217054460606,-11.17753272838386,-3.1854456483024296,-11.19546853475061,-11.16134017352349,-3.200563643931201,-3.170669578437872,34.12836122712015,29.89406549332907,34.12836122712015,0.34507455812891263,0.0117768291701124,11.7768291701124,47493.40398564364,8281
559.417640757303,-11.455642930662686,-3.176900361413393,-11.47374335818518,-11.43946122437606,-3.192027281855472,-3.162165455718354,34.282133809119486,29.861826137117742,34.282133809119486,0.34452559564566393,0.011811072570591245,11.811072570591245,47363.83062705197,8281
559.5135760685455,-11.73418640446458,-3.1680039602091217,-11.75245676359505,-11.71795911931008,-3.183140212492494,-3.153312915205939,34.497644284970264,29.827297286554977,34.497644284970264,0.3439760163251669,0.011866362253746732,11.866362253746733,47151.230015069064,8281
559.6095113797878,-12.013164529471272,-3.15875469577079,-12.03161025067495,-11.99689402891837,-3.173900686341996,-3.144110281975195,34.71622175658062,29.790404366800693,34.71622175658062,0.34342583232298873,0.01192244735186315,11.92244735186315,46937.469704350275,8281
559.7054466910304,-12.29257867351129,-3.1491508041927894,-12.31120532040554,-12.27626758198169,-3.164306937207279,-3.134555866196671,34.937738423849396,29.751071010608143,34.937738423849396,0.34287505704085414,0.011979279054955803,11.979279054955803,46722.798936675696,8281
559.8013820022728,-12.572430190779736,-3.1391905064230468,-12.59124347520062,-12.55608120585628,-3.154357182060475,-3.124571592105874,35.1622693443403,29.78558995460112,35.1622693443403,0.34232370522190386,0.012036878325965136,12.036878325965136,46507.189558833314,8281
559.8973173135153,-12.852720419915574,-3.128872008104239,-12.87172621906158,-12.83631552781876,-3.144049620905423,-3.114133048683219,35.410691242820036,29.916572222203897,35.410691242820036,0.3417717930542571,0.012102375439349283,12.102375439349283,46263.42325268498,8281
559.9932526247576,-13.133450681916752,-3.118193499416541,-13.15265505772487,-13.11695806868166,-3.133382436648722,-3.103330407366856,35.696989043209726,30.052029281866233,35.696989043209726,0.34121933828139994,0.012180502979962407,12.180502979962407,45974.55897724233,8281
560.089187936,-13.41462227788826,-3.1071531549178615,-13.43403149881556,-13.39804160220444,-3.122353794968616,-3.092162085713104,35.98989661112029,30.1917092555124,35.98989661112029,0.34094320178526694,0.012270510582516079,12.27051058251608,45645.14118377894,8281
