wavelength_nm,omega_slit_um,reciprocal_dispersion_nm_per_mm,delta_lambda_nm,resolving_power,valid_ray_count
5.5059159212e+02,1.7180540119e+01,3.9207854816e-01,6.7361212264e-03,8.1737185781e+04,5.5000000000e+03
5.5068752743e+02,1.7010799420e+01,3.9182897791e-01,6.6653241501e-03,8.2619766876e+04,5.5000000000e+03
5.5078346275e+02,1.6844622420e+01,3.9133022475e-01,6.5918098773e-03,8.3555726424e+04,5.5000000000e+03
5.5087939806e+02,1.6684284478e+01,3.9083158415e-01,6.5207453330e-03,8.4481047783e+04,5.5000000000e+03
5.5097533337e+02,1.6529751995e+01,3.9033300322e-01,6.4521077388e-03,8.5394626946e+04,5.5000000000e+03
5.5107126868e+02,1.6381057512e+01,3.8983443253e-01,6.3859002596e-03,8.6295000905e+04,5.5000000000e+03
5.5116720399e+02,1.6260297221e+01,3.8933582585e-01,6.3307162473e-03,8.7062376903e+04,5.5000000000e+03
5.5126313930e+02,1.6144383498e+01,3.8883713999e-01,6.2775359063e-03,8.7815210862e+04,5.5000000000e+03
5.5135907461e+02,1.6033275867e+01,3.8833833455e-01,6.2263356475e-03,8.8552738854e+04,5.5000000000e+03
5.5145500992e+02,1.5926939625e+01,3.8783937180e-01,6.1770942589e-03,8.9274177601e+04,5.5000000000e+03
5.5155094524e+02,1.5825345063e+01,3.8734021646e-01,6.1297925824e-03,8.9978728940e+04,5.5000000000e+03
5.5164688055e+02,1.5728466722e+01,3.8684083559e-01,6.0844132092e-03,9.0665584598e+04,5.5000000000e+03
5.5174281586e+02,1.5699567911e+01,3.8634119839e-01,6.0653898811e-03,9.0965762577e+04,5.5000000000e+03
5.5183875117e+02,1.5678919626e+01,3.8584127609e-01,6.0495743561e-03,9.1219434407e+04,5.5000000000e+03
5.5193468648e+02,1.5677508253e+01,3.8534104185e-01,6.0411873639e-03,9.1361954735e+04,5.5000000000e+03
5.5203062179e+02,1.5678667717e+01,3.8484047055e-01,6.0337858618e-03,9.1489925966e+04,5.5000000000e+03
5.5212655710e+02,1.5678670838e+01,3.8433953878e-01,6.0259331184e-03,9.1625072209e+04,5.5000000000e+03
5.5222249241e+02,1.5677604610e+01,3.8383822465e-01,6.0176639200e-03,9.1766921475e+04,5.5000000000e+03
5.5231842773e+02,1.5675571424e+01,3.8333650773e-01,6.0090188063e-03,9.1914910825e+04,5.5000000000e+03
5.5241436304e+02,1.5672687332e+01,3.8283436897e-01,6.0000433648e-03,9.2068395084e+04,5.5000000000e+03
5.5251029835e+02,1.5672153001e+01,3.8233179054e-01,5.9919623187e-03,9.2208573579e+04,5.5000000000e+03
5.5260623366e+02,1.5685268121e+01,3.8182875585e-01,5.9890864118e-03,9.2268869684e+04,5.5000000000e+03
5.5270216897e+02,1.5698520463e+01,3.8132524938e-01,5.9862422306e-03,9.2328734402e+04,5.5000000000e+03
5.5279810428e+02,1.5737537456e+01,3.8082125664e-01,5.9931887904e-03,9.2237725795e+04,5.5000000000e+03
5.5289403959e+02,1.5812021607e+01,3.8031676414e-01,6.0135768919e-03,9.1940961183e+04,5.5000000000e+03
5.5298997490e+02,1.5889657933e+01,3.7981175924e-01,6.0350789332e-03,9.1629286216e+04,5.5000000000e+03
5.5308591022e+02,1.5963907529e+01,3.7930623017e-01,6.0552095836e-03,9.1340506481e+04,5.5000000000e+03
5.5318184553e+02,1.6034903105e+01,3.7880016594e-01,6.0740239569e-03,9.1073372356e+04,5.5000000000e+03
5.5327778084e+02,1.6102792310e+01,3.7829355626e-01,6.0915825685e-03,9.0826607801e+04,5.5000000000e+03
5.5337371615e+02,1.6167735740e+01,3.7778639155e-01,6.1079505448e-03,9.0598918915e+04,5.5000000000e+03
5.5346965146e+02,1.6229905066e+01,3.7727866283e-01,6.1231968811e-03,9.0389001400e+04,5.5000000000e+03
5.5356558677e+02,1.6289481264e+01,3.7677036171e-01,6.1373937478e-03,9.0195547087e+04,5.5000000000e+03
5.5366152208e+02,1.6346652954e+01,3.7626148035e-01,6.1506158392e-03,9.0017249745e+04,5.5000000000e+03
5.5375745739e+02,1.6401614839e+01,3.7575201141e-01,6.1629397661e-03,8.9852810252e+04,5.5000000000e+03
5.5385339271e+02,1.6454566233e+01,3.7524194802e-01,6.1744434871e-03,8.9700941286e+04,5.5000000000e+03
5.5394932802e+02,1.6505709685e+01,3.7473128371e-01,6.1852057787e-03,8.9560371608e+04,5.5000000000e+03
5.5404526333e+02,1.6555249681e+01,3.7422001245e-01,6.1953057418e-03,8.9429850022e+04,5.5000000000e+03
5.5414119864e+02,1.6605944543e+01,3.7370812855e-01,6.2057764581e-03,8.9294418254e+04,5.5000000000e+03
5.5423713395e+02,1.6678444363e+01,3.7319562667e-01,6.2243224961e-03,8.9043768907e+04,5.5000000000e+03
5.5433306926e+02,1.6752348843e+01,3.7268250179e-01,6.2433072776e-03,8.8788368826e+04,5.5000000000e+03
5.5442900457e+02,1.6825503025e+01,3.7216874916e-01,6.2619264149e-03,8.8539686966e+04,5.5000000000e+03
5.5452493988e+02,1.6898021989e+01,3.7165436432e-01,6.2802236205e-03,8.8297005552e+04,5.5000000000e+03
5.5462087520e+02,1.6970020070e+01,3.7113934303e-01,6.2982421001e-03,8.8059630986e+04,5.5000000000e+03
5.5471681051e+02,1.7041609751e+01,3.7062368130e-01,6.3160241413e-03,8.7826898393e+04,5.5000000000e+03
5.5481274582e+02,1.7112900639e+01,3.7010737532e-01,6.3336107394e-03,8.7598175613e+04,5.5000000000e+03
5.5490868113e+02,1.7183998521e+01,3.6959042149e-01,6.3510412561e-03,8.7372866708e+04,5.5000000000e+03
5.5500461644e+02,1.7255004508e+01,3.6907281638e-01,6.3683531105e-03,8.7150414999e+04,5.5000000000e+03
5.5510055175e+02,1.7326014253e+01,3.6855455671e-01,6.3855815024e-03,8.6930305649e+04,5.5000000000e+03
5.5519648706e+02,1.7397117238e+01,3.6803563937e-01,6.4027591657e-03,8.6712067827e+04,5.5000000000e+03
5.5529242237e+02,1.7468396148e+01,3.6751606136e-01,6.4199161505e-03,8.6495276473e+04,5.5000000000e+03
5.5538835769e+02,1.7539926308e+01,3.6699581982e-01,6.4370796350e-03,8.6279553645e+04,5.5000000000e+03
5.5548429300e+02,1.7611775190e+01,3.6647491201e-01,6.4542737632e-03,8.6064569520e+04,5.5000000000e+03
5.5558022831e+02,1.7684001999e+01,3.6595333529e-01,6.4715195129e-03,8.5850042976e+04,5.5000000000e+03
5.5567616362e+02,1.7756657315e+01,3.6543108713e-01,6.4888345863e-03,8.5635741862e+04,5.5000000000e+03
5.5577209893e+02,1.7829782813e+01,3.6490816509e-01,6.5062333302e-03,8.5421482864e+04,5.5000000000e+03
5.5586803424e+02,1.7903411051e+01,3.6438456682e-01,6.5237266805e-03,8.5207131056e+04,5.5000000000e+03
5.5596396955e+02,1.7977565318e+01,3.6386029007e-01,6.5413221313e-03,8.4992599110e+04,5.5000000000e+03
5.5605990486e+02,1.8052259558e+01,3.6333533265e-01,6.5590237315e-03,8.4777846159e+04,5.5000000000e+03
5.5615584018e+02,1.8127498359e+01,3.6280969249e-01,6.5768321052e-03,8.4562876363e+04,5.5000000000e+03
5.5625177549e+02,1.8203277012e+01,3.6228336758e-01,6.5947444971e-03,8.4347737161e+04,5.5000000000e+03
5.5634771080e+02,1.8279581644e+01,3.6175635600e-01,6.6127548447e-03,8.4132517214e+04,5.5000000000e+03
5.5644364611e+02,1.8356389413e+01,3.6122865591e-01,6.6308538752e-03,8.3917344067e+04,5.5000000000e+03
5.5653958142e+02,1.8433668789e+01,3.6070026558e-01,6.6490292280e-03,8.3702381556e+04,5.5000000000e+03
5.5663551673e+02,1.8511379900e+01,3.6017118336e-01,6.6672656044e-03,8.3487826909e+04,5.5000000000e+03
5.5673145204e+02,1.8589474962e+01,3.5964140769e-01,6.6855449437e-03,8.3273907622e+04,5.5000000000e+03
5.5682738735e+02,1.8667898784e+01,3.5911093714e-01,6.7038466268e-03,8.3060878083e+04,5.5000000000e+03
5.5692332267e+02,1.8746589359e+01,3.5857977037e-01,6.7221477076e-03,8.2849015954e+04,5.5000000000e+03
5.5701925798e+02,1.8825478540e+01,3.5804790618e-01,6.7404231742e-03,8.2638618315e+04,5.5000000000e+03
5.5711519329e+02,1.8904492807e+01,3.5751534350e-01,6.7586462396e-03,8.2429997597e+04,5.5000000000e+03
5.5721112860e+02,1.8983554123e+01,3.5698208140e-01,6.7767886632e-03,8.2223477268e+04,5.5000000000e+03
5.5730706391e+02,1.9062580894e+01,3.5644811910e-01,6.7948211050e-03,8.2019387309e+04,5.5000000000e+03
5.5740299922e+02,1.9141489028e+01,3.5591345601e-01,6.8127135131e-03,8.1818059448e+04,5.5000000000e+03
5.5749893453e+02,1.9220193100e+01,3.5537809173e-01,6.8304355466e-03,8.1619822152e+04,5.5000000000e+03
5.5759486984e+02,1.9298607638e+01,3.5484202604e-01,6.8479570340e-03,8.1424995378e+04,5.5000000000e+03
5.5769080515e+02,1.9376648522e+01,3.5430525896e-01,6.8652484725e-03,8.1233885036e+04,5.5000000000e+03
5.5778674047e+02,1.9454234511e+01,3.5376779078e-01,6.8822815641e-03,8.1046777188e+04,5.5000000000e+03
5.5788267578e+02,1.9531288907e+01,3.5322962201e-01,6.8990297982e-03,8.0863931900e+04,5.5000000000e+03
5.5797861109e+02,1.9607741361e+01,3.5269075350e-01,6.9154690751e-03,8.0685576788e+04,5.5000000000e+03
5.5807454640e+02,1.9683529827e+01,3.5215118639e-01,6.9315783809e-03,8.0511900138e+04,5.5000000000e+03
5.5817048171e+02,1.9758602677e+01,3.5161092219e-01,6.9473405083e-03,8.0343043650e+04,5.5000000000e+03
5.5826641702e+02,1.9832920990e+01,3.5106996276e-01,6.9627428333e-03,8.0179094702e+04,5.5000000000e+03
5.5836235233e+02,1.9906461020e+01,3.5052831042e-01,6.9777781477e-03,8.0020078099e+04,5.5000000000e+03
5.5845828764e+02,1.9979216857e+01,3.4998596789e-01,6.9924455493e-03,7.9865947286e+04,5.5000000000e+03
5.5855422296e+02,2.0051203295e+01,3.4944293842e-01,7.0067513982e-03,7.9716574945e+04,5.5000000000e+03
5.5865015827e+02,2.0122458923e+01,3.4889922577e-01,7.0207103388e-03,7.9571742930e+04,5.5000000000e+03
5.5874609358e+02,2.0193049446e+01,3.4835483428e-01,7.0343463935e-03,7.9431131525e+04,5.5000000000e+03
5.5884202889e+02,2.0299537396e+01,3.4780976892e-01,7.0603774107e-03,7.9151863474e+04,5.5000000000e+03
5.5893796420e+02,2.0413712210e+01,3.4726403531e-01,7.0889480778e-03,7.8846389911e+04,5.5000000000e+03
5.5903389951e+02,2.0527775616e+01,3.4671763984e-01,7.1173419127e-03,7.8545320201e+04,5.5000000000e+03
5.5912983482e+02,2.0641654159e+01,3.4617058966e-01,7.1455335917e-03,7.8248856807e+04,5.5000000000e+03
5.5922577013e+02,2.0755291333e+01,3.4562289278e-01,7.1735038308e-03,7.7957129922e+04,5.5000000000e+03
5.5932170545e+02,2.0884167340e+01,3.4507455813e-01,7.2065948166e-03,7.7612481301e+04,5.5000000000e+03
5.5941764076e+02,2.1017609359e+01,3.4452559565e-01,7.2411043834e-03,7.7255845398e+04,5.5000000000e+03
5.5951357607e+02,2.1151426632e+01,3.4397601633e-01,7.2755834724e-03,7.6902914823e+04,5.5000000000e+03
5.5960951138e+02,2.1285661507e+01,3.4342583232e-01,7.3100460197e-03,7.6553486787e+04,5.5000000000e+03
5.5970544669e+02,2.1433369268e+01,3.4287505704e-01,7.3489677102e-03,7.6161097553e+04,5.5000000000e+03
5.5980138200e+02,2.1587550429e+01,3.4232370522e-01,7.3899302496e-03,7.5751916878e+04,5.5000000000e+03
5.5989731731e+02,2.1807647253e+01,3.4177179305e-01,7.4532387038e-03,7.5121345171e+04,5.5000000000e+03
5.5999325262e+02,2.2041624332e+01,3.4121933828e-01,7.5210284691e-03,7.4457004773e+04,5.5000000000e+03
5.6008918794e+02,2.2284320866e+01,3.4094320179e-01,7.5976877057e-03,7.3718374541e+04,5.5000000000e+03
