order_a,order_b,lower_order,upper_order,x_common_min_mm,x_common_max_mm,min_gap_um,max_gap_um,mean_gap_um,median_gap_um,std_gap_um,x_at_min_gap_mm,x_at_max_gap_mm,gap_at_x0_um
60,61,60,61,-13.491188017494265,12.56391846416662,141.34226382176786,154.6047508484296,151.76357074033018,151.92954206944265,2.506320551293423,12.56391846416662,2.9969108816057943,153.5130508906422
61,62,61,62,-13.489785098907422,12.562607665556373,143.13596231273885,154.8278832657761,152.64235076245018,153.20804950602528,2.0866190799264466,12.562607665556373,0.1424324256694316,154.80326846715698
62,63,62,63,-13.488354588182418,12.56126751664102,144.62569719273154,155.1924465736434,153.36966605809005,153.70409599865908,1.782553795702009,12.56126751664102,0.12938182979681834,155.1920941976818
63,64,63,64,-13.486897232705152,12.55989888541528,146.2174947998527,155.70591064857808,154.05643780772573,154.4418175154556,1.6022227119768269,12.55989888541528,-1.186659346008959,155.506311969548
64,65,64,65,-13.485413693138048,12.558502552879236,147.90414988536327,156.36836065294267,154.7311159882546,155.0869417134173,1.4971537282052523,12.558502552879236,-2.254870519517789,155.93101478615793
65,66,65,66,-13.483904556872073,12.557079215312928,149.67913805188005,157.16099085284264,155.46334299554508,155.8251535939581,1.439525166480496,12.557079215312928,-3.5833804613940323,156.53698127443732
66,67,66,67,-13.482370349119034,12.555629503374504,151.51312342563904,158.06459555928677,156.31033624702118,156.7126764785831,1.4411699517873384,12.555629503374504,-4.651072750324326,157.31170574411578
67,68,67,68,-13.480811537938864,12.554153979921493,153.31658445363772,159.02828326824192,157.27013260628232,157.72160797696344,1.4794732080568005,12.554153979921493,-6.005038547817882,158.24383029826748
68,69,68,69,-13.479228544946505,12.552653153373914,155.20081020662957,160.06073757959348,158.33592787830096,158.8528795712847,1.5257934384132608,12.552653153373914,-6.551284040941271,159.32297032903153
69,70,69,70,-13.477621741225455,12.551127486441484,156.74068961230427,161.22414672825514,159.50038357015407,160.02748183147463,1.5517690337259284,11.561540222157998,-6.277072305057462,160.53962026555627
70,71,70,71,-13.475991466571292,12.54957739489102,157.97750193059022,162.5207756191731,160.7967734487247,161.32703723023758,1.5722976848294319,11.807477632458129,-6.002916665931289,161.8850753713339
71,72,71,72,-13.4743380239613,12.548003258061442,159.35862657945066,163.94214745682058,162.22090310941712,162.7508102805919,1.5836720336931207,12.05333143779288,-5.741836412394761,163.35135375601593
72,73,72,73,-13.47266168114738,12.546405418283005,160.87379325945682,165.48089181494595,163.76506376521186,164.29125114074327,1.5868156071302892,12.051795838603992,-5.467796115289607,164.93112721437245
73,74,73,74,-13.470962684162298,12.544784187163597,162.51258351887898,167.12985220520338,165.4221331693724,165.94497241867234,1.5829300758498195,12.297510955270052,-5.1938166060416044,166.6176481948824
74,75,74,75,-13.469241249934027,12.543139846219692,164.26961752755,168.88257880089697,167.18563807452531,167.7050964757676,1.5731552749302686,12.543139846219692,-4.919899388917024,168.40470942610835
75,76,75,76,-13.467497577173544,12.5414726522488,166.13763682246406,170.7330010063597,169.0490540649552,169.56345836567266,1.558318526634956,12.5414726522488,-4.65905693419259,170.28661713887664
76,77,76,77,-13.465731840409552,12.539782841012816,168.11406167912145,172.67363748461761,171.00683470749811,171.5174183716668,1.5395946278792416,12.539782841012816,-4.65846148557066,172.25810778328147
77,78,77,78,-13.463944193955014,12.538070622495889,170.19224376169893,174.69936771834327,173.0533542676508,173.5583265360212,1.517810531081921,12.538070622495889,-4.657859136057434,174.31432437940853
78,79,78,79,-13.462134779331656,12.536336186642572,172.36599858440906,176.80576401785152,175.1834512026001,175.68383468808514,1.4938009898578273,12.536336186642572,-4.384129409521746,176.45078182706547
79,80,79,80,-13.46030371884842,12.534579708240532,174.62956718350142,178.98847418775966,177.3924607697688,177.88690711146506,1.4684778767739637,12.534579708240532,-4.383551026448176,178.66333587577188
80,81,80,81,-13.458451119884831,12.532801342281283,176.9775819235173,181.24348786966848,179.67600263615523,180.1651080260154,1.4427016355558044,12.532801342281283,-4.3829662681629955,180.94815532842367
81,82,81,82,-13.45657707518584,12.531001225473943,179.40503599171365,183.56716219244973,182.02847350173064,182.50668181532603,1.4171531959908306,12.531001225473943,-4.3823751472916275,183.3016971501546
82,83,82,83,-13.454681666137922,12.529179480406697,181.90725621452586,185.95729098271985,184.44661304102942,184.9109765426733,1.3924902919447575,12.529179480406697,-4.108810648446287,185.72068415151028
83,84,83,84,-13.452764959150477,12.527336216245883,184.2747316456661,188.4117496969573,186.92751276053232,187.3781508009178,1.3696591888751757,-13.452764959150477,-3.8483153500369642,188.2020849863509
84,85,84,85,-13.450827007790034,12.52547152383684,186.6776300334978,190.92681666030842,189.4676074866342,189.9056840382616,1.3497055965320395,-13.450827007790034,-3.8477831784392293,190.74309622465552
85,86,85,86,-13.448867850237434,12.523585483471814,189.13499359975282,193.49939381720384,192.05862310539104,192.48753934263263,1.3298166258447828,-13.448867850237434,-3.574398348677139,193.34112628925095
86,87,86,87,-13.446887522285198,12.5216781556626,191.6448561170281,196.12806113810066,194.69079792244162,195.05784857395625,1.3055699366011937,-13.446887522285198,-3.5738960689383603,195.99378107577328
87,88,87,88,-13.444886034144735,12.519749592637051,194.20541381948908,198.81077847677986,197.36434687433444,197.67072212506642,1.2820044143290188,-13.444886034144735,-3.313612502934234,198.6988510938412
88,89,88,89,-13.44286339563543,12.517799831363709,196.81501531676204,201.54554008496996,200.08033594874456,200.3360740168163,1.2627947198257663,-13.44286339563543,-2.7806800492791055,201.45429998782646
89,90,89,90,-13.440819595458306,12.5158288900746,199.47215262432394,204.325994043395,202.83549704508889,203.05327832590157,1.25130167437405,-13.440819595458306,-1.9752264925440706,204.25825431050515
90,91,90,91,-13.43875461484963,12.513836778599252,202.17545322126097,207.15022014822537,205.6180246199624,205.76300186310493,1.2463705649704258,-13.43875461484963,-1.18300360163515,207.1089944426667
91,92,91,92,-13.436668421956574,12.511823488177583,204.92367305152737,210.01876910237715,208.40418437366637,208.44551963480075,1.2483431075635163,-13.436668421956574,-0.40400915343496635,210.00494656468035
92,93,92,93,-13.43456096717213,12.509788996465677,207.71569039866654,212.92910717582726,211.21099006543815,211.17278724741385,1.273184451758693,-13.43456096717213,0.1411219052466528,212.90888803926057
93,94,93,94,-13.432432193485196,12.507733265307808,210.50567215243987,215.85864242818164,214.03969284313675,213.96951159482836,1.3185152416490522,-13.432432193485196,1.4387181895947343,215.73906744149443
94,95,94,95,-13.430282026725603,12.505656240796,213.29592902787908,218.82130618522666,216.89315543102967,216.85717782127423,1.377304139065392,-13.430282026725603,2.4764014730150095,218.6031878890971
95,96,95,96,-13.428110374210286,12.503557851143505,216.13079394854395,221.8341343089696,219.7787275395619,219.8377680336816,1.4507524661929836,-13.428110374210286,3.2413211763548038,221.5139222476411
96,97,96,97,-13.425917136367552,12.501438010507254,219.0101051449922,224.8773550258747,222.70010968354885,222.90563082900007,1.5347954008246267,-13.425917136367552,3.746578218541025,224.3329286394752
97,98,97,98,-13.423702191052318,12.499296608154731,221.93378384588948,227.94443295619882,225.66228861537437,225.96584647026032,1.6273015967581743,-13.423702191052318,4.005267486853771,227.15382506097663
98,99,98,99,-13.421465396176272,12.49713351894207,224.9018324513794,231.06499223385057,228.66753395347087,229.07125784573168,1.7245608977901243,-13.421465396176272,4.263861727496272,230.0358676964902
99,100,99,100,-13.419206598690083,12.494948599926028,227.91433315152787,234.21262046574577,231.71690316930548,232.23055039105355,1.8238590793897405,-13.419206598690083,4.509396022463536,232.98020464507695
100,101,100,101,-13.416925625178123,12.49274167780952,230.97144696096183,237.4187397858729,234.81339679114618,235.44465962939998,1.9209731934314653,-13.416925625178123,4.5215333779909095,235.9879644405269
101,102,101,102,-13.41462227788826,12.490512564711706,234.07341320180873,240.66584868099562,237.95956133009398,238.70453229703912,2.013166600050381,-13.41462227788826,4.766920585627371,239.06025246607638
102,103,102,103,-13.412296336705404,12.488261046403746,237.2205493833013,243.97947358846704,241.15591701105907,241.9042682168515,2.099045301593637,-13.412296336705404,4.766033832630333,242.19814722032388
103,104,103,104,-13.409947569646429,12.485986884501113,240.4132514971078,247.3092744058789,244.4042982171792,245.10431712446268,2.176249126856129,-13.409947569646429,4.765137992719255,245.40269639038414
104,105,104,105,-13.407575705983469,12.483689806953844,243.65199472667865,250.68944526624338,247.70458927141559,248.37193199054886,2.245164318647761,-13.407575705983469,4.764232955672885,248.67339768178502
105,106,105,106,-13.405180456870283,12.48136952492207,246.9373345859882,254.10600140974137,251.0568395663775,251.7080856395595,2.305920526989077,-13.405180456870283,4.763318604887932,252.00723040068186
106,107,106,107,-13.402761509505982,12.47902570974219,250.26990846000797,257.53902872355127,254.46133520470198,255.10962733912703,2.357841145269691,-13.402761509505982,4.516394824380697,255.40971673105753
107,108,107,108,-13.400318512555236,12.476658005476995,253.65043760095983,261.0654312833036,257.92019966101066,258.57898103571665,2.399706992936564,-13.400318512555236,4.515507150754724,258.88391391439785
108,109,108,109,-13.397851092351573,12.474266015696928,257.0797295734195,264.5858616940895,261.43405372367647,262.1203776315232,2.4291954427801916,-13.397851092351573,4.255759580674017,262.4306737878204
109,110,109,110,-13.395358833728476,12.471849317194714,260.55868116264855,268.1497022793835,265.003067631223,265.73506194250064,2.446400274494151,-13.395358833728476,4.009040847608038,266.0508047408975
110,111,110,111,-13.39284129387212,12.469407436347252,264.08267526010707,271.7634313172462,268.62709005041137,269.4237631834311,2.4516030510842546,-13.39284129387212,3.7494696453678316,269.74504361210586
111,112,111,112,-13.39029798705464,12.466939870004994,267.64322656711073,275.39104578815386,272.3051899450408,273.18713101937743,2.4431364263030004,-13.39029798705464,3.489989858599598,273.5140200070456
112,113,112,113,-13.387728390150093,12.464446064555831,271.25455095548256,279.065070623555,276.0362851494652,277.0257280702597,2.423059871742606,-13.387728390150093,2.9719517925427485,277.3582447794196
113,114,113,114,-13.385131934175938,12.46192541361083,274.9180122904389,282.7467614692339,279.8189681043822,280.94002186720877,2.390079670406907,-13.385131934175938,2.4670403061375072,281.27824057302206
114,115,114,115,-13.382508004320854,12.459377272999262,278.6261295346374,286.43619897798675,283.6503906313877,284.75781596070766,2.345786717468501,-13.382508004320854,1.9493959170906798,285.2743676648321
115,116,115,116,-13.379855939806086,12.456800933403937,282.36835286498996,290.13859260618415,287.52825255963694,288.60396547176686,2.290606500468691,-13.379855939806086,1.1734585370495854,289.34687276661657
116,117,116,117,-13.377175021706842,12.454195637358954,286.039125695383,293.83805743940826,291.44453361233394,292.50306452920006,2.232487019877933,-13.377175021706842,1.1731618277719402,293.4918450098594
117,118,117,118,-13.37446447766935,12.45156055942996,289.60965521935054,297.5807663121537,295.3731056809753,296.4430471938467,2.2024942733205726,-13.37446447766935,1.4312507261904859,297.4061956271325
118,119,118,119,-13.371723477589432,12.448894809597649,293.224689512404,301.3737173575348,299.31034779592784,300.39506450236763,2.20676725873555,-13.371723477589432,1.9475628098562296,301.2823746261804
119,120,119,120,-13.368951117975753,12.446197430356571,296.88743322020895,305.22005118252116,303.21511776613556,304.3521962572381,2.2569774861834127,-13.368951117975753,2.463651243332615,305.08949812001833
120,121,120,121,-13.366146435735814,12.44346739374812,300.6014375429733,309.1251361155378,307.1360176783085,308.36178210664264,2.319914116856802,-13.366146435735814,2.9795119475191463,308.9446109345668
121,122,121,122,-13.363308384618549,12.440703576227197,304.37062531100213,313.0787030045825,311.1011402743754,312.42436483616905,2.386252338796256,-13.363308384618549,2.7206330376995105,312.8509358329618
122,123,122,123,-13.36043584239158,12.437904790038647,308.16835222000407,317.0588022166152,315.1091461506147,316.4781798331864,2.456730671814083,-13.36043584239158,2.9780830373766367,316.8120042580714
123,124,123,124,-13.357527606060687,12.435069734667406,311.985844608615,321.107361908255,319.1514263078389,320.5927883505144,2.534580867314627,-13.357527606060687,3.4805612031690085,320.81588990641774
124,125,124,125,-13.354582367523331,12.43219702829633,315.85098961874667,325.23129374541514,323.219099212317,324.7479414256842,2.6257595790345514,-13.354582367523331,4.240798871044962,324.8630568565957
125,126,125,126,-13.351598735969276,12.429285171894325,319.76252066606037,329.43890974603994,327.3393793588781,328.87351435312206,2.7327371978756365,-13.351598735969276,5.000676301994659,328.9772235747046
126,127,126,127,-13.348575198095329,12.426332561086776,323.7486684432644,333.82945809987416,331.5311152188047,333.05132831161984,2.845365921439156,-13.348575198095329,9.744401188445519,333.1636228963459
127,128,127,128,-13.345510137219268,12.423337466214292,327.81611090568407,338.29364158408026,335.7998374676623,337.30693247702214,2.9628883657627894,-13.345510137219268,9.497110149566257,337.42793773606155
128,129,128,129,-13.342401813674494,12.420298031230466,331.97214856415246,342.850337609546,340.1519139469519,341.6464932010306,3.0848886764573122,-13.342401813674494,9.494768834235254,341.77633314813806
129,130,129,130,-13.33924834672452,12.417212255964776,336.2247560546248,347.47827029220343,344.59412223773353,346.0766950315346,3.2106495102288015,-13.33924834672452,9.247582787099557,346.2154913330065
130,131,130,131,-13.336047724779425,12.414077999584158,340.5350084207841,352.2090768074344,349.1335948032022,350.6047791725168,3.340651059762739,-13.336047724779425,9.24522811054292,350.7526499129451
131,132,131,132,-13.33279776942853,12.410892944851437,344.87757127363403,357.0430299370697,353.7740136868423,355.23858559046585,3.4818454859756622,-13.33279776942853,8.998147552513172,355.39564380276545
132,133,132,133,-13.329496155918571,12.407654617946084,349.3328599496159,361.999272894872,358.51916770084404,359.9865991308189,3.6328296527524286,-13.329496155918571,8.995776201200643,360.152951077581
133,134,133,134,-13.326140356759227,12.404360349403524,353.9109873230588,367.1061197255723,363.3760172174656,364.85772843097664,3.791078047654644,-13.326140356759227,10.705297771507835,365.0337432413944
134,135,134,135,-13.322727674993615,12.401007269373546,358.55027414929543,372.3417166447796,368.34799542917136,369.86174633871906,3.9620435588213927,-13.322727674993615,9.724400531790568,370.0479404177583
135,136,135,136,-13.319255193140656,12.39759229861088,363.302391330925,377.6699307768734,373.4352478123458,375.00783871717357,4.15122248692305,-13.319255193140656,8.743973145205459,375.20627198502757
136,137,136,137,-13.315719765872954,12.394112115232677,368.19086356322293,382.98703629967076,378.63896123080735,380.30302720251893,4.345595660893252,-13.315719765872954,8.48426274461931,380.51935990754606
137,138,137,138,-13.312118014049304,12.39056315174382,373.2267658014656,388.43445574793736,383.9576059409953,385.59387961280044,4.529253646426386,-13.312118014049304,8.481801233584186,385.8681580081773
138,139,138,139,-13.308446290457956,12.386941573988416,378.4220930306965,394.0636809128151,389.387898549767,391.0244939100327,4.688491991537378,-13.308446290457956,8.479288792201677,391.3082302602311
139,140,139,140,-13.304700661267995,12.383243246728616,383.7677527934975,399.90482978206467,394.9923627702988,396.6083218982792,4.857440622976277,-13.304700661267995,9.466203093094185,396.8982051589594
140,141,140,141,-13.300876884789153,12.379463715692223,389.2639483121343,406.0787552162637,400.782102634153,402.35539683957455,5.039171312803037,-13.300876884789153,12.379463715692223,402.6535934491126
141,142,141,142,-13.296970383744709,12.375598195935249,394.5488177703513,412.5933565914988,406.7692055478607,408.2764156929351,5.242402982006831,-13.296970383744709,12.375598195935249,408.58916152402145
142,143,142,143,-13.292976218797236,12.37164152088711,398.7594415253266,419.38512544500736,412.90872557939053,414.38278504516467,5.593856553713035,-13.292976218797236,12.37164152088711,414.71183923893307
143,144,143,144,-13.288889046380792,12.367588125129824,402.9232002932801,426.4780791570413,419.1176170738379,420.6678340255694,6.200197757138948,-13.288889046380792,12.367588125129824,421.02868659049676
