wavelength_nm,x_centroid_mm,y_centroid_mm,s_mm,linear_dispersion_mm_per_um,reciprocal_dispersion_nm_per_mm
5.505915921230000549e+02,1.249056177915152155e+01,-2.682115648828037546e+00,0.000000000000000000e+00,2.550509342283815840e+03,3.920785481634679326e-01
5.506875274342423836e+02,1.224651575862551667e+01,-2.699772219655685479e+00,2.446839075786778062e-01,2.552133855302490247e+03,3.918289779050305732e-01
5.507834627454848260e+02,1.200214000973124762e+01,-2.717188857794704759e+00,4.896795114814833649e-01,2.555386568048045774e+03,3.913302247510280774e-01
5.508793980567272683e+02,1.175743405057548863e+01,-2.734364775392522873e+00,7.349875190794152857e-01,2.558646845731333542e+03,3.908315841509467092e-01
5.509753333679697107e+02,1.151239736326625973e+01,-2.751299174057259656e+00,9.806086744907867025e-01,2.561915061600251647e+03,3.903330032243024217e-01
5.510712686792121531e+02,1.126702939586146890e+01,-2.767991245048299298e+00,1.226543756702187293e+00,2.565191569932822858e+03,3.898344325317535386e-01
5.511672039904545954e+02,1.102132956419684184e+01,-2.784440169453248348e+00,1.472793577806905674e+00,2.568476707237806295e+03,3.893358258543138661e-01
5.512631393016970378e+02,1.077529725359635293e+01,-2.800645118349783580e+00,1.719358981357677063e+00,2.571770793376481379e+03,3.888371399875408807e-01
5.513590746129394802e+02,1.052893182047907139e+01,-2.816605252956898564e+00,1.966240840820341784e+00,2.575074132617126452e+03,3.883383345487104177e-01
5.514550099241818089e+02,1.028223259386315647e+01,-2.832319724770426372e+00,2.213440058127494225e+00,2.578387014625410302e+03,3.878393717962780873e-01
5.515509452354242512e+02,1.003519887677656186e+01,-2.847787675691754394e+00,2.460957562323307091e+00,2.581709715396076717e+03,3.873402164606192244e-01
5.516468805466666936e+02,9.787829947577936451e+00,-2.863008238141578676e+00,2.708794308295658038e+00,2.585042498120237724e+03,3.868408355867142268e-01
5.517428158579090223e+02,9.540125061196530254e+00,-2.877980535166102971e+00,2.956951275587362371e+00,2.588385614010681820e+03,3.863411983852391707e-01
5.518387511691514646e+02,9.292083450290929747e+00,-2.892703680533299959e+00,3.205429467286652123e+00,2.591739303076767101e+03,3.858412760931843599e-01
5.519346864803940207e+02,9.043704326336301946e+00,-2.907176778819642760e+00,3.454229908987374476e+00,2.595103794840884802e+03,3.853410418450386454e-01
5.520306217916364631e+02,8.794986880643429927e+00,-2.921398925488206455e+00,3.703353647815790683e+00,2.598479309027406998e+03,3.848404705497898148e-01
5.521265571028787917e+02,8.545930285309303542e+00,-2.935369206959752564e+00,3.952801751524399609e+00,2.601866056206727080e+03,3.843395387762215121e-01
5.522224924141212341e+02,8.296533694109717416e+00,-2.949086700674478756e+00,4.202575307642310243e+00,2.605264238397798181e+03,3.838382246458755809e-01
5.523184277253636765e+02,8.046796243333121268e+00,-2.962550475148677087e+00,4.452675422683237016e+00,2.608674049638633733e+03,3.833365077321656544e-01
5.524143630366061188e+02,7.796717052560255823e+00,-2.975759590022838186e+00,4.703103221406482071e+00,2.612095676524932060e+03,3.828343689655255844e-01
5.525102983478484475e+02,7.546295225392668726e+00,-2.988713096103139844e+00,4.953859846127993904e+00,2.615529298717869096e+03,3.823317905443458509e-01
5.526062336590908899e+02,7.295529850133014804e+00,-3.001410035398159426e+00,5.204946456078776151e+00,2.618975089417595882e+03,3.818287558521141767e-01
5.527021689703333323e+02,7.044420000420944739e+00,-3.013849441148797936e+00,5.456364226806796225e+00,2.622433215818608005e+03,3.813252493783122477e-01
5.527981042815757746e+02,6.792964735823987077e+00,-3.026030337851405072e+00,5.708114349623063077e+00,2.625903839534126746e+03,3.808212566448794245e-01
5.528940395928182170e+02,6.541163102391773343e+00,-3.037951741278119844e+00,5.960198031083790760e+00,2.629387116994974349e+03,3.803167641373635388e-01
5.529899749040606594e+02,6.289014133167594167e+00,-3.049612658489620376e+00,6.212616492514466238e+00,2.632883199831154343e+03,3.798117592395019448e-01
5.530859102153031017e+02,6.036516848668147972e+00,-3.061012087844251717e+00,6.465370969565230830e+00,2.636392235226696357e+03,3.793062301725421137e-01
5.531818455265454304e+02,5.783670257327432118e+00,-3.072149019001717996e+00,6.718462711801569398e+00,2.639914366259217786e+03,3.788001659375826446e-01
5.532777808377878728e+02,5.530473355909192534e+00,-3.083022432922703171e+00,6.971892982326017396e+00,2.643449732218272402e+03,3.782935562617420477e-01
5.533737161490303151e+02,5.276925129889209920e+00,-3.093631301864040672e+00,7.225663057429632552e+00,2.646998468907680945e+03,3.777863915473526069e-01
5.534696514602727575e+02,5.023024553808993709e+00,-3.103974589369542514e+00,7.479774226271710624e+00,2.650560708924997016e+03,3.772786628251105778e-01
5.535655867715150862e+02,4.768770591603774811e+00,-3.114051250256356429e+00,7.734227790584888851e+00,2.654136581934886635e+03,3.767703617087377332e-01
5.536615220827576422e+02,4.514162196902959501e+00,-3.123860230598743737e+00,7.989025064407595522e+00,2.657726214926442481e+03,3.762614803525489715e-01
5.537574573940000846e+02,4.259198313309431327e+00,-3.133400467705742098e+00,8.244167373837356649e+00,2.661329732439713553e+03,3.757520114139606404e-01
5.538533927052425270e+02,4.003877874654752311e+00,-3.142670890098762548e+00,8.499656056808174043e+00,2.664947256800041941e+03,3.752419480154209341e-01
5.539493280164848557e+02,3.748199805233164650e+00,-3.151670417481045483e+00,8.755492462888806671e+00,2.668578908334748121e+03,3.747312837093589866e-01
5.540452633277272980e+02,3.492163020016484598e+00,-3.160397960707957754e+00,9.011677953100235783e+00,2.672224805564641429e+03,3.742200124471563583e-01
5.541411986389697404e+02,3.235766424850063494e+00,-3.168852421750669279e+00,9.268213899751883034e+00,2.675885065398360894e+03,3.737081285481629322e-01
5.542371339502120691e+02,2.979008916630585979e+00,-3.177032693658996543e+00,9.525101686296064685e+00,2.679559803310366988e+03,3.731956266714351877e-01
5.543330692614545114e+02,2.721889383467932522e+00,-3.184937660519941538e+00,9.782342707198356635e+00,2.683249133508055820e+03,3.726825017893917735e-01
5.544290045726969538e+02,2.464406704830900185e+00,-3.192566197412589180e+00,1.003993836782412075e+01,2.686953169085529225e+03,3.721687491636995748e-01
5.545249398839395099e+02,2.206559751679398218e+00,-3.199917170360976559e+00,1.029789008433866648e+01,2.690672022177284816e+03,3.716543643215208803e-01
5.546208751951818385e+02,1.948347386582073071e+00,-3.206989436283694594e+00,1.055619928362207638e+01,2.694405804095767962e+03,3.711393430343341016e-01
5.547168105064242809e+02,1.689768463820837230e+00,-3.213781842940623967e+00,1.081486740319724582e+01,2.698154625451032189e+03,3.706236812995240548e-01
5.548127458176667233e+02,1.430821829485798613e+00,-3.220293228876199176e+00,1.107389589116767326e+01,2.701918596282215731e+03,3.701073753206256534e-01
5.549086811289091656e+02,1.171506321556396335e+00,-3.226522423360806524e+00,1.133328620616923743e+01,2.705697826167030144e+03,3.695904214908687369e-01
5.550046164401514943e+02,9.118207699745223271e-01,-3.232468246328814576e+00,1.159303981733017785e+01,2.709492424320582359e+03,3.690728163784235405e-01
5.551005517513939367e+02,6.517639967074092544e-01,-3.238129508314287364e+00,1.185315820424154332e+01,2.713302499694393191e+03,3.685545567118420629e-01
5.551964870626363791e+02,3.913348158022135204e-01,-3.243505010382907727e+00,1.211364285693617049e+01,2.717128161063388688e+03,3.680356393673513971e-01
5.552924223738788214e+02,1.305320334327568221e-01,-3.248593544063337557e+00,1.237449527587582132e+01,2.720969517105906561e+03,3.675160613572863166e-01
5.553883576851212638e+02,-1.306455520609908216e-01,-3.253393891273621996e+00,1.263571697194581311e+01,2.724826676473894622e+03,3.669958198200209409e-01
5.554842929963637062e+02,-3.921991501378421230e-01,-3.257904824247140674e+00,1.289730946645442522e+01,2.728699747859311174e+03,3.664749120105679769e-01
5.555802283076061485e+02,-6.541299780294997923e-01,-3.262125105453155260e+00,1.315927429114176128e+01,2.732588840052150772e+03,3.659533352924456695e-01
5.556761636188484772e+02,-9.164392607159512760e-01,-3.266053487518724818e+00,1.342161298819031678e+01,2.736494061983641586e+03,3.654310871316547304e-01
5.557720989300909196e+02,-1.179128230905593488e+00,-3.269688713144430547e+00,1.368432711024058790e+01,2.740415522774273995e+03,3.649081650901045415e-01
5.558680342413333619e+02,-1.442198129020344721e+00,-3.273029515019532099e+00,1.394741822041209112e+01,2.744353331767590134e+03,3.643845668210358713e-01
5.559639695525758043e+02,-1.705650203181106717e+00,-3.276074615733922890e+00,1.421088789232513783e+01,2.748307598551124102e+03,3.638602900662168960e-01
5.560599048638181330e+02,-1.969485709196065359e+00,-3.278822727687477290e+00,1.447473771012586852e+01,2.752278432979393983e+03,3.633353326529107363e-01
5.561558401750605753e+02,-2.233705910549687257e+00,-3.281272552998355962e+00,1.473896926851245226e+01,2.756265945183331496e+03,3.628096924926761946e-01
5.562517754863031314e+02,-2.498312078392217472e+00,-3.283422783405998580e+00,1.500358417276222234e+01,2.760270245571140549e+03,3.622833675813091903e-01
5.563477107975455738e+02,-2.763305491526673041e+00,-3.285272100174809307e+00,1.526858403875682946e+01,2.764291444823960774e+03,3.617563559994605438e-01
5.564436461087879024e+02,-3.028687436398046717e+00,-3.286819173991901710e+00,1.553397049301007193e+01,2.768329653882843559e+03,3.612286559143726428e-01
5.565395814200303448e+02,-3.294459207076752882e+00,-3.288062664866136409e+00,1.579974517269052825e+01,2.772384983918716898e+03,3.607002655837927008e-01
5.566355167312727872e+02,-3.560622105239504176e+00,-3.289001222021509907e+00,1.606590972564213615e+01,2.776457546305988217e+03,3.601711833593409517e-01
5.567314520425152296e+02,-3.827177440147792709e+00,-3.289633483789695667e+00,1.633246581040294743e+01,2.780547452579950914e+03,3.596414076919071667e-01
5.568273873537575582e+02,-4.094126528619145056e+00,-3.289958077499726574e+00,1.659941509621724265e+01,2.784654814380046446e+03,3.591109371387677940e-01
5.569233226650000006e+02,-4.361470694993555774e+00,-3.289973619364378710e+00,1.686675926304340933e+01,2.788779743390332442e+03,3.585797703709276973e-01
5.570192579762424430e+02,-4.629211271092075641e+00,-3.289678714365591006e+00,1.713450000155461339e+01,2.792922351264845929e+03,3.580479061822555154e-01
5.571151932874848853e+02,-4.897349596167989816e+00,-3.289071956136154995e+00,1.740263901313268491e+01,2.797082749542183592e+03,3.575153434998218915e-01
5.572111285987273277e+02,-5.165887016846467894e+00,-3.288151926838870587e+00,1.767117800985114684e+01,2.801261049548425945e+03,3.569820813955214556e-01
5.573070639099697701e+02,-5.434824887057329690e+00,-3.286917197043816241e+00,1.794011871445203354e+01,2.805457362288245349e+03,3.564481190989690074e-01
5.574029992212122124e+02,-5.704164567952414444e+00,-3.285366325602573578e+00,1.820946286030802597e+01,2.809671798320719972e+03,3.559134560120787993e-01
5.574989345324545411e+02,-5.973907427811536053e+00,-3.283497859520197348e+00,1.847921219137388604e+01,2.813904467617801856e+03,3.553780917255449645e-01
5.575948698436969835e+02,-6.244054841932464406e+00,-3.281310333823742376e+00,1.874936846212268193e+01,2.818155479417429888e+03,3.548420260356680012e-01
5.576908051549394258e+02,-6.514608192506869955e+00,-3.278802271430384607e+00,1.901993343746872611e+01,2.822424942054349231e+03,3.543052589636390137e-01
5.577867404661818682e+02,-6.785568868476268278e+00,-3.275972183009003391e+00,1.929090889267134301e+01,2.826712962768520811e+03,3.537677907772378005e-01
5.578826757774241969e+02,-7.056938265369596230e+00,-3.272818566844470478e+00,1.956229661322104363e+01,2.831019647507055197e+03,3.532296220128963160e-01
5.579786110886667529e+02,-7.328717785119801320e+00,-3.269339908693868146e+00,1.983409839470560598e+01,2.835345100697653834e+03,3.526907535008503847e-01
5.580745463999091953e+02,-7.600908835854949253e+00,-3.265534681644277626e+00,2.010631604265151395e+01,2.839689425006668898e+03,3.521511863916778617e-01
5.581704817111515240e+02,-7.873512831668214140e+00,-3.261401345965644349e+00,2.037895137234520959e+01,2.844052721073909197e+03,3.516109221851561606e-01
5.582664170223939664e+02,-8.146531192356231799e+00,-3.256938348961676777e+00,2.065200620862362157e+01,2.848435087222038419e+03,3.510699627616435947e-01
5.583623523336364087e+02,-8.419965343129911517e+00,-3.252144124818027393e+00,2.092548238563811580e+01,2.852836619145309669e+03,3.505283104153342766e-01
5.584582876448788511e+02,-8.693816714292340819e+00,-3.247017094448562347e+00,2.119938174658653551e+01,2.857257409563855617e+03,3.499859678910219318e-01
5.585542229561211798e+02,-8.968086740880913510e+00,-3.241555665337020997e+00,2.147370614341051009e+01,2.861697547859715996e+03,3.494429384223036172e-01
5.586501582673636221e+02,-9.242776862273341720e+00,-3.235758231378688787e+00,2.174845743645767371e+01,2.866157119677402079e+03,3.488992257732730917e-01
5.587460935786060645e+02,-9.517888521750967001e+00,-3.229623172717137614e+00,2.202363749410232430e+01,2.870636206486931769e+03,3.483548342838587164e-01
5.588420288898486206e+02,-9.793423166018989434e+00,-3.223148855579836880e+00,2.229924819232411082e+01,2.875134885118211969e+03,3.478097689176362639e-01
5.589379642010909492e+02,-1.006938224467690013e+01,-3.216333632110427665e+00,2.257529141423810870e+01,2.879653227255810634e+03,3.472640353133624180e-01
5.590338995123333916e+02,-1.034576720964087748e+01,-3.209175840197803886e+00,2.285176904957811672e+01,2.884191298894642387e+03,3.467176398400643733e-01
5.591298348235758340e+02,-1.062257951450737004e+01,-3.201673803305152610e+00,2.312868299412233597e+01,2.888749159748011152e+03,3.461705896566080187e-01
5.592257701348182763e+02,-1.089982061385771139e+01,-3.193825830292908563e+00,2.340603514906148064e+01,2.893326862611982506e+03,3.456228927751491820e-01
5.593217054460606050e+02,-1.117749196249829247e+01,-3.185630215241882279e+00,2.368382742030376065e+01,2.897924452681385446e+03,3.450745581289126340e-01
5.594176407573030474e+02,-1.145559501463088914e+01,-3.177085237273123752e+00,2.396206171771145321e+01,2.902541966804914409e+03,3.445255956456639290e-01
5.595135760685454898e+02,-1.173413122294695832e+01,-3.168189160364943913e+00,2.424073995426294559e+01,2.907179432692428236e+03,3.439760163251668890e-01
5.596095113797878184e+02,-1.201310203764285767e+01,-3.158940233167744527e+00,2.451986404513722562e+01,2.911836868053389480e+03,3.434258323229887333e-01
5.597054466910303745e+02,-1.229250890534602547e+01,-3.149336688817247154e+00,2.479943590671093290e+01,2.916514279663242633e+03,3.428750570408541365e-01
5.598013820022728169e+02,-1.257235326794647534e+01,-3.139376744744693415e+00,2.507945745546241767e+01,2.921211662370187696e+03,3.423237052219038623e-01
5.598973173135152592e+02,-1.285263656133055932e+01,-3.129058602484969143e+00,2.535993060677983024e+01,2.925928998011979274e+03,3.417717930542570892e-01
5.599932526247575879e+02,-1.313336021400111164e+01,-3.118380447483662721e+00,2.564085727365737810e+01,2.930666254253475927e+03,3.412193382813999420e-01
5.600891879360000303e+02,-1.341452564558272798e+01,-3.107340448900420604e+00,2.592223936527870976e+01,2.933039857559091161e+03,3.409432017852669916e-01
